step,type,amount,nameOrig,oldbalanceOrg,newbalanceOrig,nameDest,oldbalanceDest,newbalanceDest,isFraud,isFlaggedFraud
324,CASH_IN,399281.73,C8205977775,1576350.78,1975632.51,C1531976485,795335.53,396053.8,0,0
331,PAYMENT,20878.92,C2617730948,155676.7,134797.78,M7134405176,0.0,0.0,0,0
307,CASH_IN,64855.44,C3047141643,2344348.98,2409204.42,C2941867037,2816675.25,2751819.81,0,0
615,PAYMENT,20681.5,C6181807776,141033.08,120351.58,M2754550121,0.0,0.0,0,0
632,PAYMENT,4042.64,C5565505736,87343.48,83300.84,M0922498028,0.0,0.0,0,0
50,CASH_OUT,372861.48,C1557964448,11356.04,0.0,C7764719591,1366161.01,1739022.49,0,0
507,CASH_OUT,14346.8,C6903139394,484588.19,470241.39,C6277472004,646971.93,661318.73,0,0
666,CASH_OUT,64151.26,C4807476436,0.0,0.0,C6074701413,355038.75,419190.01,0,0
226,PAYMENT,3753.04,C9436520194,156547.05,152794.01,M4002464491,0.0,0.0,0,0
425,PAYMENT,2116.71,C5584203808,28049.82,25933.11,M3531661226,0.0,0.0,0,0
242,CASH_IN,89833.98,C1922015533,2828880.15,2918714.13,C8932962659,3276152.5,3186318.52,0,0
194,CASH_OUT,27007.86,C9918078828,27007.86,0.0,C1543073643,0.0,27007.86,1,0
11,CASH_IN,36517.97,C9010881713,3060967.14,3097485.11,C5012397394,503641.26,467123.29,0,0
373,CASH_OUT,163913.68,C0691259675,163913.68,0.0,C4188070781,0.0,163913.68,1,0
718,TRANSFER,1920333.37,C3563952994,1920333.37,0.0,C0551681717,0.0,0.0,1,0
313,TRANSFER,129233.54,C7844678061,129233.54,0.0,C2827423576,0.0,0.0,1,0
219,TRANSFER,124870.99,C4169824522,124870.99,0.0,C2978891804,0.0,0.0,1,0
441,CASH_OUT,37458.13,C9199511251,10574.01,0.0,C1180455683,1538352.4,1575810.53,0,0
399,TRANSFER,387915.46,C0226594200,0.0,0.0,C3810810496,6764242.12,7152157.58,0,0
80,TRANSFER,225122.16,C5766677185,0.0,0.0,C9884736622,1204170.45,1429292.61,0,0
449,PAYMENT,797.46,C2537343162,189771.59,188974.13,M2698473459,0.0,0.0,0,0
627,PAYMENT,4257.79,C7602170256,172143.81,167886.02,M9196606750,0.0,0.0,0,0
708,TRANSFER,210326.5,C9454797990,210326.5,0.0,C2750056111,0.0,0.0,1,0
420,PAYMENT,9601.78,C7797542519,23946.72,14344.94,M7170467497,0.0,0.0,0,0
546,PAYMENT,8734.45,C8627353319,187225.49,178491.04,M1547317159,0.0,0.0,0,0
691,CASH_IN,152486.42,C6907894128,2229758.59,2382245.01,C1145065004,2888898.29,2736411.87,0,0
238,CASH_OUT,264421.15,C4597751390,418448.29,154027.14,C8690616606,760442.77,1024863.92,0,0
662,CASH_OUT,445575.4,C0926900010,0.0,0.0,C9228206899,2109456.31,2555031.71,0,0
341,CASH_IN,612505.59,C2560841870,947655.63,1560161.22,C1075976500,148226.93,0.0,0,0
457,TRANSFER,1723285.58,C3071395457,0.0,0.0,C8541295345,5628229.96,7351515.54,0,0
123,PAYMENT,5326.15,C1649411919,60940.92,55614.77,M2647646941,0.0,0.0,0,0
306,CASH_OUT,31324.38,C9024441205,0.0,0.0,C5656632735,1896736.82,1928061.2,0,0
598,CASH_OUT,164123.84,C7198575272,0.0,0.0,C3010088800,560333.61,724457.45,0,0
212,CASH_OUT,91418.85,C4878437126,182459.68,181632.13,C4743761773,81646.55,173065.4,0,0
348,CASH_OUT,56382.39,C1489995288,224122.81,167740.42,C9308704449,2725955.69,2782338.08,0,0
117,CASH_OUT,346740.61,C1495740022,346740.61,0.0,C8886564677,0.0,346740.61,1,0
651,CASH_OUT,245363.95,C3345768354,0.0,0.0,C9335485510,0.0,245363.95,0,0
298,PAYMENT,21502.04,C3120696443,119695.44,98193.4,M5042175679,0.0,0.0,0,0
726,PAYMENT,10401.0,C7572967480,146482.7,136081.7,M1846596491,0.0,0.0,0,0
726,CASH_OUT,15063.41,C2057948984,0.0,0.0,C0760255829,159063.65,174127.06,0,0
277,CASH_OUT,199850.18,C1776708773,199850.18,0.0,C8309216284,2047997.83,2247848.01,1,0
11,CASH_OUT,82375.5,C6622485378,295160.13,212784.63,C1258816063,2431923.24,2514298.74,0,0
573,DEBIT,1321.67,C4151987750,9195.34,7873.67,M3243113003,0.0,0.0,0,0
155,CASH_OUT,184614.89,C8344899755,448498.4,263883.51,C5389359725,933180.71,1117795.6,0,0
137,CASH_OUT,3787303.56,C1052757648,0.0,0.0,C4286927411,1976120.27,5763423.83,0,0
418,TRANSFER,312593.71,C1099712002,312593.71,0.0,C5094257300,0.0,0.0,1,0
575,CASH_OUT,38021.62,C0429343241,431382.28,393360.66,C0152403445,818028.2,856049.82,0,0
577,CASH_OUT,18630.43,C8632732940,18630.43,0.0,C4487116031,77316.36,95946.79,1,0
120,CASH_OUT,6661.45,C1420525684,6661.45,0.0,C0285641879,0.0,6661.45,1,0
632,TRANSFER,8787937.52,C9903781357,8787937.52,0.0,C1622546380,0.0,0.0,1,0
287,CASH_OUT,67575.6,C0678737831,0.0,0.0,C8716601751,98910.42,166486.02,0,0
731,TRANSFER,454357.43,C5808451612,454357.43,0.0,C7045123698,0.0,0.0,1,0
122,CASH_OUT,590305.09,C2826615537,0.0,0.0,C6277914959,1584678.7,2174983.79,0,0
17,PAYMENT,9694.29,C6316413921,39908.4,30214.11,M9899223487,0.0,0.0,0,0
309,TRANSFER,2611490.34,C5675795417,2611490.34,0.0,C9688750024,0.0,0.0,1,0
550,CASH_OUT,152014.8,C8798636336,0.0,0.0,C0659540133,436770.64,588785.44,0,0
42,CASH_OUT,360844.28,C3721047583,92883.07,0.0,C2044210040,1511744.34,1872588.62,0,0
708,CASH_OUT,106965.91,C3738791969,106965.91,0.0,C3950419325,0.0,106965.91,1,0
301,CASH_IN,98705.83,C5024118355,1036115.02,1134820.85,C7838417070,3295386.0,3196680.17,0,0
158,CASH_OUT,25171.0,C3218616404,355122.6,329951.6,C5873557232,2823056.08,2848227.08,0,0
247,TRANSFER,6897586.53,C5453584313,96406.15,0.0,C1891135921,337431.17,7235017.7,0,0
192,CASH_OUT,487652.17,C9604945561,0.0,0.0,C8734818963,1060090.85,1547743.02,0,0
47,CASH_IN,229973.91,C7822954267,3476789.74,3706763.65,C0228034714,2212989.85,1983015.94,0,0
119,PAYMENT,1643.83,C4774366504,190012.22,188368.39,M5351069850,0.0,0.0,0,0
552,PAYMENT,14408.38,C7457613397,147702.14,133293.76,M3348517557,0.0,0.0,0,0
670,PAYMENT,2370.49,C6444218036,131103.55,128733.06,M7630838117,0.0,0.0,0,0
674,TRANSFER,482076.42,C6827122269,482076.42,0.0,C9729557795,0.0,0.0,1,0
453,CASH_OUT,606450.0,C7953465054,0.0,0.0,C3419883385,1914997.38,2521447.38,0,0
302,CASH_OUT,304477.09,C9389907972,304477.09,0.0,C7146462666,0.0,304477.09,1,0
219,PAYMENT,45492.73,C6828513003,159502.17,114009.44,M1821676113,0.0,0.0,0,0
698,DEBIT,991.92,C1296091572,8906.07,7914.15,M2264178511,0.0,0.0,0,0
317,PAYMENT,18647.92,C7609090510,145568.66,126920.74,M1933241420,0.0,0.0,0,0
244,PAYMENT,1014.95,C7989433277,98251.49,97236.54,M8282158903,0.0,0.0,0,0
120,PAYMENT,11698.24,C2004870036,164625.46,152927.22,M3101082855,0.0,0.0,0,0
317,CASH_IN,572533.48,C3523725577,1287665.19,1860198.67,C4426267917,617019.78,44486.3,0,0
70,CASH_OUT,186307.51,C6981961493,0.0,0.0,C4162469227,1675180.87,1861488.38,0,0
346,CASH_IN,103395.64,C0963462242,2893140.2,2996535.84,C7351372151,1974332.98,1870937.34,0,0
237,PAYMENT,6269.47,C0258767188,93991.19,87721.72,M8489403245,0.0,0.0,0,0
27,CASH_OUT,33966.35,C2421451016,180379.34,146412.99,C8533296428,0.0,33966.35,0,0
656,CASH_OUT,12117.06,C4641189718,12117.06,0.0,C6519402403,1751739.83,1763856.89,1,0
592,CASH_IN,44188.52,C9542993837,448184.14,492372.66,C5632191780,1255354.77,1211166.25,0,0
438,PAYMENT,6973.29,C3989737324,113586.85,106613.56,M3426353393,0.0,0.0,0,0
231,CASH_OUT,569257.99,C1938275775,569257.99,0.0,C2589915169,1207829.97,1777087.96,1,0
46,TRANSFER,462294.06,C6096950037,462294.06,0.0,C1824244057,0.0,0.0,1,0
729,CASH_OUT,447822.06,C3026147142,0.0,0.0,C5819598531,1471202.48,1919024.54,0,0
81,PAYMENT,1651.17,C9493141187,167543.37,165892.2,M0273780095,0.0,0.0,0,0
431,PAYMENT,2977.87,C1137610549,42865.28,39887.41,M5415143105,0.0,0.0,0,0
699,PAYMENT,78738.21,C2056988634,86215.27,7477.06,M3025394960,0.0,0.0,0,0
389,CASH_IN,115960.65,C9397891200,545151.85,661112.5,C8750985737,220910.1,104949.45,0,0
332,TRANSFER,257282.99,C5219106817,257282.99,0.0,C5819683961,0.0,0.0,1,0
291,CASH_IN,203762.59,C5294774448,1265596.6,1469359.19,C3131070577,3257395.71,3053633.12,0,0
333,PAYMENT,11888.05,C8229823569,195438.55,183550.5,M0250319011,0.0,0.0,0,0
198,PAYMENT,6285.13,C5725886686,69580.16,63295.03,M9104244698,0.0,0.0,0,0
284,CASH_IN,225840.72,C6316161482,2526673.73,2752514.45,C9179718154,1818423.59,1592582.87,0,0
210,PAYMENT,1175.59,C9549490752,127521.8,126346.21,M2605904482,0.0,0.0,0,0
355,CASH_OUT,125346.22,C7794461876,331264.8,205918.58,C9973546835,1406142.92,1531489.14,0,0
263,CASH_OUT,676243.63,C1361728725,0.0,0.0,C1213235187,566782.68,1243026.31,0,0
563,CASH_OUT,227035.06,C3223317587,240561.55,13526.49,C5718244822,570248.95,797284.01,0,0
532,PAYMENT,5999.75,C2131231047,73854.57,67854.82,M3925709346,0.0,0.0,0,0
477,TRANSFER,317927.4,C8957347070,0.0,0.0,C4444457568,958391.12,1276318.52,0,0
58,CASH_OUT,40477.95,C8681813147,0.0,0.0,C2956221217,0.0,40477.95,0,0
50,PAYMENT,2717.44,C6171289299,28011.08,25293.64,M2698429239,0.0,0.0,0,0
727,CASH_OUT,149854.43,C4776753788,285583.68,11036.18,C2228578701,1146052.46,1295906.89,0,0
296,CASH_OUT,77568.29,C4478567619,77568.29,0.0,C1464290297,338474.59,416042.88,1,0
134,PAYMENT,39955.15,C1221729586,54826.88,14871.73,M2122109549,0.0,0.0,0,0
172,TRANSFER,147956.98,C0176471239,147956.98,0.0,C6828025088,0.0,0.0,1,0
400,CASH_OUT,141442.85,C7171917940,0.0,0.0,C8081762419,1540566.92,1682009.77,0,0
181,PAYMENT,2486.0,C9972772625,37706.05,35220.05,M3749078919,0.0,0.0,0,0
489,CASH_OUT,740590.01,C4205468025,489989.27,0.0,C7732723262,122129.98,862719.99,0,0
488,CASH_OUT,69298.88,C6440438870,472574.14,403275.26,C3752582778,1617313.63,1686612.51,0,0
588,CASH_IN,186084.96,C2394716379,1666468.37,1852553.33,C5140632088,1223472.64,1037387.68,0,0
600,PAYMENT,1615.21,C1969838122,18000.28,16385.07,M1130090001,0.0,0.0,0,0
70,CASH_IN,156665.41,C7483645974,1211223.38,1367888.79,C4140147724,862232.85,705567.44,0,0
120,CASH_IN,302062.4,C6880872372,2411155.08,2713217.48,C6912952235,2176517.11,1874454.71,0,0
683,PAYMENT,1294.43,C1665660740,17342.3,16047.87,M4923487728,0.0,0.0,0,0
613,PAYMENT,1101.57,C5406799495,120399.39,119297.82,M9710456459,0.0,0.0,0,0
714,PAYMENT,737.05,C9514210506,153848.52,153111.47,M4577025911,0.0,0.0,0,0
694,CASH_OUT,265443.96,C3634271229,378046.57,112602.61,C3982723262,2980891.44,3246335.4,0,0
256,TRANSFER,1367464.31,C6323568239,1367464.31,0.0,C4294999579,0.0,0.0,1,0
204,CASH_OUT,319899.87,C1556446783,63612.98,0.0,C5894021795,983266.3,1303166.17,0,0
659,CASH_OUT,363594.26,C2009580081,0.0,0.0,C1643048681,2716517.36,3080111.62,0,0
16,PAYMENT,20695.65,C8617159984,60054.38,39358.73,M9473727013,0.0,0.0,0,0
245,CASH_IN,198656.73,C4266758270,1662578.55,1861235.28,C1666210825,1448756.12,1250099.39,0,0
340,CASH_OUT,67725.7,C4269503959,381509.65,345610.44,C2915700806,1280898.15,1348623.85,0,0
491,PAYMENT,1447.34,C7771854755,193891.72,192444.38,M3170391327,0.0,0.0,0,0
346,TRANSFER,62751.64,C9863187256,51578.8,0.0,C0669514066,2783913.99,2846665.63,0,0
558,CASH_OUT,202633.33,C7530875380,0.0,0.0,C4113864212,189748.89,392382.22,0,0
119,CASH_OUT,80278.7,C6455224066,80278.7,0.0,C3336714042,0.0,80278.7,1,0
12,PAYMENT,4522.13,C3251065738,20057.48,15535.35,M4078930962,0.0,0.0,0,0
565,CASH_OUT,127718.3,C2999703495,168142.92,2729.04,C0418530419,436217.87,563936.17,0,0
727,CASH_OUT,139318.65,C2005409759,252272.62,112953.97,C9141248833,0.0,139318.65,0,0
395,CASH_OUT,84054.12,C4352764156,177608.92,93554.8,C3744631805,2705269.27,2789323.39,0,0
420,CASH_OUT,708396.69,C4926731289,708396.69,0.0,C9261747694,0.0,708396.69,1,0
257,PAYMENT,5033.68,C4630096220,21649.89,16616.21,M7232803221,0.0,0.0,0,0
723,CASH_OUT,41326.33,C3306022275,0.0,0.0,C9759307077,0.0,41326.33,0,0
624,PAYMENT,18391.23,C7309409947,18654.18,262.95,M2610677786,0.0,0.0,0,0
556,TRANSFER,788367.95,C2806442938,788367.95,0.0,C4081288947,0.0,0.0,1,0
247,PAYMENT,6970.32,C3501736554,164782.47,157812.15,M9269074958,0.0,0.0,0,0
415,CASH_OUT,224168.99,C1353219913,0.0,0.0,C5351800552,400098.23,624267.22,0,0
196,TRANSFER,1070668.59,C2315374441,0.0,0.0,C7974382479,793299.12,1863967.71,0,0
486,CASH_OUT,62244.41,C9336474315,352636.2,290391.79,C8501613564,0.0,62244.41,0,0
76,CASH_IN,132826.93,C8393854280,1291074.33,1423901.26,C5263116236,1358538.42,1225711.49,0,0
736,CASH_OUT,163961.99,C7252925199,214549.44,50587.45,C7598400450,1547647.14,1711609.13,0,0
100,CASH_IN,165878.34,C9647585800,1946666.04,2112544.38,C7218764401,1186582.69,1020704.35,0,0
512,CASH_IN,144709.94,C0770122191,2136827.01,2281536.95,C7236260076,17000.68,0.0,0,0
39,CASH_IN,138058.14,C2424840375,1509028.35,1647086.49,C2568698033,632471.69,494413.55,0,0
208,CASH_OUT,107951.15,C1846980900,131364.8,27449.94,C4111544851,458812.63,566763.78,0,0
283,PAYMENT,16344.4,C8355603160,145576.18,129231.78,M9207009878,0.0,0.0,0,0
656,CASH_OUT,42772.39,C0724574278,42772.39,0.0,C4058941589,2664687.73,2707460.12,1,0
45,PAYMENT,4305.8,C8403352443,61096.12,56790.32,M7283018826,0.0,0.0,0,0
714,CASH_OUT,17257.58,C8415010271,374035.48,356777.9,C9853783503,0.0,17257.58,0,0
442,CASH_OUT,1133452.9,C3565276748,1133452.9,0.0,C3822557283,2061592.92,3195045.82,1,0
151,TRANSFER,3844153.51,C5329510897,3844153.51,0.0,C1017780199,0.0,0.0,1,0
537,CASH_OUT,153491.12,C2708878543,0.0,0.0,C1644673941,1641341.39,1794832.51,0,0
50,PAYMENT,4963.16,C0857536671,158048.63,153085.47,M6769506711,0.0,0.0,0,0
207,PAYMENT,3080.52,C3035120788,118691.25,115610.73,M9523748807,0.0,0.0,0,0
249,PAYMENT,7291.25,C0311399359,21150.03,13858.78,M2230883878,0.0,0.0,0,0
593,CASH_OUT,37651.34,C1410999865,0.0,0.0,C7864106679,867734.51,905385.85,0,0
489,CASH_OUT,82500.23,C9768464812,418320.37,335820.14,C0029592313,1897169.89,1979670.12,0,0
419,TRANSFER,719665.63,C0998265666,719665.63,0.0,C5650099517,0.0,0.0,1,0
597,CASH_OUT,167665.79,C5045382158,167665.79,0.0,C3094163925,1949034.37,2116700.16,1,0
404,TRANSFER,2679514.21,C9022248086,2679514.21,0.0,C6617256633,0.0,0.0,1,0
342,CASH_OUT,436124.96,C6306567483,436124.96,0.0,C5162688911,0.0,436124.96,1,0
684,CASH_IN,305576.48,C3064832124,1408298.09,1713874.57,C8768768182,3196614.04,2891037.56,0,0
691,CASH_OUT,279547.3,C9448654774,307099.4,27552.1,C0760338985,849856.76,1129404.06,0,0
367,PAYMENT,44335.49,C5899389932,186364.86,142029.37,M9514753302,0.0,0.0,0,0
437,CASH_OUT,186015.97,C4566514246,186015.97,0.0,C2283177879,908598.54,1094614.51,1,0
427,TRANSFER,700734.84,C0618091428,0.0,0.0,C0499234551,1883624.03,2584358.87,0,0
674,CASH_IN,511138.05,C3145838607,1635456.79,2146594.84,C5365423443,1753441.24,1242303.19,0,0
432,PAYMENT,59898.89,C0368582105,57062.4,0.0,M7732761245,0.0,0.0,0,0
52,TRANSFER,2345159.93,C8481188509,2345159.93,0.0,C3988665037,0.0,0.0,1,0
600,CASH_IN,128147.8,C3231568902,873846.33,1001994.13,C8108923559,42493.15,0.0,0,0
681,PAYMENT,1624.8,C8644127873,78691.41,77066.61,M1588072150,0.0,0.0,0,0
251,CASH_OUT,104267.49,C0527059038,382406.0,278138.51,C4712717490,2185836.14,2290103.63,0,0
422,CASH_IN,103167.35,C8985656554,3216883.83,3320051.18,C6615300595,2363705.65,2260538.3,0,0
333,CASH_IN,206103.69,C2728102763,2270088.77,2476192.46,C5512514171,2232265.14,2026161.45,0,0
564,CASH_OUT,64926.82,C6755943587,64926.82,0.0,C0472988055,0.0,64926.82,1,0
465,PAYMENT,41833.3,C6045612263,146205.97,104372.67,M7191002826,0.0,0.0,0,0
355,CASH_OUT,169228.15,C5752419726,169228.15,0.0,C6608999970,0.0,169228.15,1,0
347,CASH_IN,354490.39,C5428763696,946645.28,1301135.67,C5360173454,858746.93,504256.54,0,0
654,CASH_OUT,245273.41,C2077363243,379018.11,250481.01,C8941704946,357538.14,602811.55,0,0
391,PAYMENT,20761.37,C6529207684,4052.23,0.0,M4291821214,0.0,0.0,0,0
99,PAYMENT,878.45,C1353345324,188273.38,187394.93,M0317111895,0.0,0.0,0,0
458,PAYMENT,1843.01,C3942865413,186248.67,184405.66,M3149436629,0.0,0.0,0,0
295,CASH_OUT,34577.59,C5815516143,427196.4,392618.81,C1277950811,1789880.45,1824458.04,0,0
500,CASH_IN,48913.43,C5552957896,1651270.28,1700183.71,C7370926019,778687.88,729774.45,0,0
492,CASH_IN,206814.23,C2135709689,2718410.37,2925224.6,C1114975136,41331.81,0.0,0,0
122,CASH_OUT,58362.85,C6991751295,141732.78,83369.93,C9124162129,2467607.52,2525970.37,0,0
167,PAYMENT,6350.75,C7168270761,48258.69,41907.94,M0409591266,0.0,0.0,0,0
585,CASH_IN,345428.9,C8504861289,343279.39,688708.29,C6865422700,2710462.42,2365033.52,0,0
250,PAYMENT,6574.32,C0223847465,141788.9,135214.58,M2792053423,0.0,0.0,0,0
295,CASH_IN,52481.24,C1341328806,1322960.36,1375441.6,C4730323219,2471345.04,2418863.8,0,0
228,PAYMENT,5917.75,C1832967443,195080.86,189163.11,M7143669722,0.0,0.0,0,0
655,CASH_OUT,206533.77,C6684461182,298889.67,92355.9,C1218330494,2208299.7,2414833.47,0,0
395,PAYMENT,16129.18,C9570809630,121761.56,105632.38,M6722221263,0.0,0.0,0,0
578,CASH_IN,83773.61,C4475793819,2975918.35,3059691.96,C3914902033,901904.82,818131.21,0,0
169,CASH_OUT,45746.83,C1772606537,468852.72,423105.89,C6623756044,2036318.51,2082065.34,0,0
469,CASH_OUT,281492.74,C9383740161,0.0,0.0,C6679142950,2178038.19,2459530.93,0,0
418,CASH_IN,111578.41,C0030351490,2894528.05,3006106.46,C0460707182,2886.16,0.0,0,0
142,PAYMENT,26263.78,C3143008079,62420.55,36156.77,M7919910706,0.0,0.0,0,0
56,CASH_IN,46555.1,C1296617594,140635.5,187190.6,C6187360056,900657.41,854102.31,0,0
692,PAYMENT,8742.95,C9097181152,39005.89,30262.94,M6025462673,0.0,0.0,0,0
420,PAYMENT,13507.88,C1573989765,83340.82,69832.94,M9002021906,0.0,0.0,0,0
264,CASH_IN,123863.25,C8723608203,959859.37,1083722.62,C5807261178,2370115.87,2246252.62,0,0
260,CASH_OUT,49971.6,C4211530510,0.0,0.0,C1237368957,388762.29,438733.89,0,0
678,PAYMENT,23846.35,C6834195542,97795.1,73948.75,M6028018325,0.0,0.0,0,0
123,CASH_OUT,53752.66,C6048302419,53752.66,0.0,C7393199351,2127150.73,2180903.39,1,0
476,CASH_IN,109728.62,C1391664002,329804.53,439533.15,C1186061400,1516808.71,1407080.09,0,0
539,CASH_OUT,3090078.94,C5240937948,471254.63,0.0,C4428907309,1818875.75,4908954.69,0,0
53,CASH_OUT,74526.16,C5576424017,42778.82,0.0,C3094771856,1249181.5,1323707.66,0,0
430,TRANSFER,1820737.15,C2426002431,1820737.15,0.0,C3355882951,0.0,0.0,1,0
256,CASH_IN,8729.56,C6546871587,1374485.2,1383214.76,C8051800324,1247111.19,1238381.63,0,0
419,PAYMENT,2992.35,C6831325851,66063.58,63071.23,M3563631340,0.0,0.0,0,0
659,CASH_OUT,265359.41,C3574606954,0.0,0.0,C1849655256,2836362.51,3101721.92,0,0
649,PAYMENT,27702.83,C1296027898,22034.01,0.0,M0064680584,0.0,0.0,0,0
390,TRANSFER,167747.25,C4532857176,0.0,0.0,C5550426246,6315615.02,6483362.27,0,0
214,CASH_OUT,19368.96,C8261431356,0.0,0.0,C0751599427,1019917.51,1039286.47,0,0
63,CASH_OUT,6553.3,C3271008318,6553.3,0.0,C1306672398,1699764.57,1706317.87,1,0
124,CASH_OUT,98760.92,C9291900072,98760.92,0.0,C4473032770,938705.76,1037466.68,1,0
586,CASH_OUT,48673.96,C5475443564,0.0,0.0,C2524370895,2261701.58,2310375.54,0,0
585,PAYMENT,6022.46,C2985631582,151659.91,145637.45,M7334894953,0.0,0.0,0,0
8,PAYMENT,1691.85,C7448664259,141453.44,139761.59,M1929498796,0.0,0.0,0,0
599,CASH_OUT,98103.09,C7688153759,76764.15,0.0,C4944090040,2396204.21,2494307.3,0,0
127,CASH_OUT,200137.37,C2338755842,235476.07,35338.7,C9911284865,1581717.01,1781854.38,0,0
693,CASH_OUT,334273.15,C4564557650,486674.34,152401.19,C9780458231,955803.15,1290076.3,0,0
564,PAYMENT,8818.19,C1842771007,158404.65,149586.46,M6457398893,0.0,0.0,0,0
291,PAYMENT,13313.04,C2032840204,173891.42,160578.38,M9783924622,0.0,0.0,0,0
102,PAYMENT,2376.66,C7051226122,131209.52,128832.86,M3356089656,0.0,0.0,0,0
622,CASH_OUT,23225.82,C3562274184,23225.82,0.0,C6357826961,0.0,23225.82,1,0
146,TRANSFER,1021228.67,C4530580228,1021228.67,0.0,C5562701861,0.0,0.0,1,0
211,CASH_OUT,114721.56,C3224872929,158827.61,44106.05,C3518468502,0.0,114721.56,0,0
163,TRANSFER,63907.74,C2432319315,63907.74,0.0,C8386720397,0.0,0.0,1,0
683,TRANSFER,857346.57,C5800701947,857346.57,0.0,C4017053396,0.0,0.0,1,0
457,CASH_OUT,15145.81,C6075279422,15145.81,0.0,C5040047802,2068702.17,2083847.98,1,0
490,CASH_OUT,227005.82,C3848778179,227005.82,0.0,C9578888374,1451861.77,1678867.59,1,0
593,PAYMENT,1108.45,C1478778962,141923.9,140815.45,M1759294565,0.0,0.0,0,0
168,CASH_OUT,1026286.83,C2977462410,45068.49,0.0,C8228873528,1379675.88,2405962.71,0,0
69,CASH_IN,24987.63,C4222092119,1144218.09,1169205.72,C4032804785,1179453.17,1154465.54,0,0
486,PAYMENT,1535.28,C9466847344,15651.8,14116.52,M7871960482,0.0,0.0,0,0
689,CASH_OUT,33791.58,C1951936602,11645.53,0.0,C1516564764,95963.07,129754.65,0,0
377,CASH_OUT,266350.1,C1014676692,0.0,0.0,C7852074339,2073199.82,2339549.92,0,0
320,CASH_IN,162193.34,C1550573522,1147447.14,1309640.48,C8966644674,1645637.96,1483444.62,0,0
528,CASH_OUT,98381.7,C6774236865,0.0,0.0,C6376752025,1131892.14,1230273.84,0,0
317,PAYMENT,22227.22,C3814674004,5643.91,0.0,M8603295325,0.0,0.0,0,0
496,CASH_OUT,11442.54,C4821181596,476464.4,465021.86,C4843759478,0.0,11442.54,0,0
346,CASH_OUT,34099.1,C8942518645,0.0,0.0,C7304815141,2129376.73,2163475.83,0,0
377,PAYMENT,2361.78,C6485568150,173086.37,170724.59,M4235313459,0.0,0.0,0,0
405,PAYMENT,1386.94,C8813290235,107323.02,105936.08,M7801096575,0.0,0.0,0,0
450,PAYMENT,7145.35,C4432644703,37131.54,29986.19,M0813681283,0.0,0.0,0,0
161,CASH_OUT,82767.49,C1439697710,0.0,0.0,C6103335116,1067354.12,1150121.61,0,0
492,CASH_OUT,31076.71,C1016951957,101154.31,70077.6,C1616496305,740965.74,772042.45,0,0
329,CASH_OUT,342033.41,C1409498954,342033.41,0.0,C7083022060,0.0,342033.41,1,0
479,CASH_OUT,18629.87,C7984235510,18629.87,0.0,C4714126229,176859.59,195489.46,1,0
133,PAYMENT,6469.0,C8490378291,62975.7,56506.7,M4977294666,0.0,0.0,0,0
292,PAYMENT,47147.29,C5762581036,169366.76,122219.47,M3530884576,0.0,0.0,0,0
106,TRANSFER,405855.9,C6232330749,405855.9,0.0,C1615446838,0.0,0.0,1,0
94,CASH_OUT,48112.33,C3497771452,0.0,0.0,C1768981734,565715.88,613828.21,0,0
480,CASH_OUT,88713.95,C4501941332,0.0,0.0,C4589250610,347806.04,436519.99,0,0
326,CASH_IN,195891.22,C1232516365,1032640.49,1228531.71,C9564543396,2492003.59,2296112.37,0,0
77,CASH_IN,134038.55,C3368876537,937564.61,1071603.16,C8538935479,2793741.45,2659702.9,0,0
316,TRANSFER,228380.38,C9058457596,228380.38,0.0,C7760415153,0.0,0.0,1,0
22,PAYMENT,1728.45,C1763057003,94883.21,93154.76,M4200067404,0.0,0.0,0,0
248,CASH_OUT,384784.31,C4750049006,261891.18,0.0,C4583316027,1632635.14,2017419.45,0,0
22,PAYMENT,2083.5,C3922771536,197170.64,195087.14,M9668177186,0.0,0.0,0,0
715,PAYMENT,6913.38,C8109420479,167177.0,160263.62,M5929591086,0.0,0.0,0,0
135,CASH_OUT,419063.72,C8106079721,419063.72,0.0,C6054727623,0.0,419063.72,1,0
70,CASH_OUT,59785.35,C1301926413,76406.63,16621.28,C0587681954,0.0,59785.35,0,0
194,CASH_OUT,190854.3,C7051438845,0.0,0.0,C9814455742,0.0,190854.3,0,0
448,CASH_OUT,45878.2,C8211145086,45878.2,0.0,C0805459925,885248.48,931126.68,1,0
708,CASH_IN,136691.69,C3448570759,1674793.61,1811485.3,C1878028054,2998578.4,2861886.71,0,0
714,CASH_OUT,20777.99,C0167108919,497139.34,476361.35,C9102010755,1362265.49,1383043.48,0,0
598,PAYMENT,2127.75,C8427193370,25125.01,22997.26,M3513790605,0.0,0.0,0,0
579,CASH_IN,158871.42,C8464987087,2884836.31,3043707.73,C3950660828,205803.7,46932.28,0,0
410,CASH_IN,384805.38,C9169308408,246088.98,630894.36,C2090755881,436135.89,51330.51,0,0
400,PAYMENT,2298.61,C7974875485,13669.58,11370.97,M1665048268,0.0,0.0,0,0
703,CASH_OUT,669358.56,C7275968997,237666.73,0.0,C4174028145,1792085.36,2461443.92,0,0
541,CASH_OUT,85215.62,C1209573222,0.0,0.0,C4518715521,1977515.84,2062731.46,0,0
563,CASH_OUT,837709.11,C4731876777,136566.61,0.0,C9559433871,204231.93,1041941.04,0,0
466,CASH_IN,157630.33,C2902065236,2147578.78,2305209.11,C1223523515,829012.11,671381.78,0,0
108,CASH_OUT,276412.47,C8813750588,148193.74,0.0,C4023186951,1174979.26,1451391.73,0,0
543,PAYMENT,1897.36,C0596686352,29795.56,27898.2,M3653078746,0.0,0.0,0,0
310,CASH_OUT,234654.47,C8151369982,0.0,0.0,C0600941635,2494066.0,2728720.47,0,0
653,TRANSFER,224822.73,C6723862371,224822.73,0.0,C1727595882,0.0,0.0,1,0
735,CASH_OUT,837262.04,C9404280740,309036.92,0.0,C0143748137,1787512.51,2624774.55,0,0
719,PAYMENT,43937.3,C1236482679,16954.95,0.0,M2549798470,0.0,0.0,0,0
415,CASH_IN,53260.65,C9567636684,1761055.98,1814316.63,C1006487113,170336.09,117075.44,0,0
507,CASH_OUT,38730.66,C4527922174,341638.31,302907.65,C2463217875,2126023.03,2164753.69,0,0
536,TRANSFER,302738.11,C8801569720,302738.11,0.0,C6595530881,0.0,0.0,1,0
622,CASH_OUT,51801.82,C1908450666,0.0,0.0,C7570549061,1515376.45,1567178.27,0,0
652,CASH_IN,108144.26,C1984219303,2180798.4,2288942.66,C3969363673,3000055.08,2891910.82,0,0
85,CASH_OUT,1299060.69,C9430674835,1299060.69,0.0,C2514554652,1933844.03,3232904.72,1,0
165,TRANSFER,96202.38,C4112321463,96202.38,0.0,C5276908306,0.0,0.0,1,0
407,CASH_OUT,143258.79,C2044032596,143258.79,0.0,C9127384285,0.0,143258.79,1,0
593,CASH_OUT,794665.35,C4811954126,0.0,0.0,C1045146893,0.0,794665.35,0,0
335,CASH_OUT,223979.65,C3820661014,223979.65,0.0,C1707879903,2990882.8,3214862.45,1,0
562,CASH_OUT,263710.88,C4877047247,0.0,0.0,C3644142587,0.0,263710.88,0,0
649,PAYMENT,4985.89,C3828054410,158715.55,153729.66,M3422649450,0.0,0.0,0,0
149,CASH_OUT,153808.53,C3144157296,168303.52,14494.99,C2206741349,748193.91,902002.44,0,0
559,TRANSFER,89490.41,C6312652024,0.0,0.0,C7502054563,975354.72,1064845.13,0,0
642,CASH_OUT,27995.07,C1489254469,466056.72,438061.65,C8549851462,1730453.02,1758448.09,0,0
40,CASH_OUT,176719.64,C6600490704,137832.72,0.0,C4536999253,0.0,176719.64,0,0
713,CASH_OUT,125843.84,C1644807299,90727.23,0.0,C4468575412,1414759.44,1540603.28,0,0
66,CASH_IN,81529.2,C4444515268,3292138.49,3373667.69,C5640022759,1933346.76,1851817.56,0,0
402,CASH_IN,319474.46,C3794248194,2753857.02,3073331.48,C7915020667,1162744.73,843270.27,0,0
301,CASH_IN,8764.19,C0810844626,1381943.12,1390707.31,C4035116417,705908.05,697143.86,0,0
574,CASH_IN,150117.19,C8019546660,975485.63,1125602.82,C8518229786,403447.69,253330.5,0,0
157,CASH_OUT,204012.8,C4345256257,204012.8,0.0,C5257256338,0.0,204012.8,1,0
273,PAYMENT,10465.32,C7818811683,199942.97,189477.65,M3292445266,0.0,0.0,0,0
728,PAYMENT,6637.95,C5777462818,142033.39,135395.44,M8953851264,0.0,0.0,0,0
166,CASH_OUT,126903.17,C9983083716,0.0,0.0,C9361725864,687530.56,814433.73,0,0
272,PAYMENT,5818.49,C2866722466,72759.4,66940.91,M1879651383,0.0,0.0,0,0
46,PAYMENT,2878.56,C5805478666,45562.23,42683.67,M2762896292,0.0,0.0,0,0
66,TRANSFER,2559726.23,C3217104522,2559726.23,0.0,C2300303506,0.0,0.0,1,0
461,PAYMENT,4844.43,C6895440452,162376.3,157531.87,M3919726371,0.0,0.0,0,0
447,CASH_OUT,42223.96,C6292140382,297749.85,255525.89,C7919493563,2312241.48,2354465.44,0,0
167,CASH_OUT,265045.72,C6766878422,265045.72,0.0,C6502977102,1485794.31,1750840.03,1,0
442,PAYMENT,379.21,C9584636367,64421.2,64041.99,M4755010880,0.0,0.0,0,0
41,PAYMENT,32120.89,C3871589712,30148.83,0.0,M1353421952,0.0,0.0,0,0
475,CASH_IN,450289.32,C9844571585,1922444.66,2372733.98,C2759650517,1057179.41,606890.09,0,0
125,CASH_OUT,116088.38,C9603322532,226375.44,110287.06,C5962344113,564663.32,680751.7,0,0
270,PAYMENT,3285.53,C0045794798,82446.13,79160.6,M2078343190,0.0,0.0,0,0
413,CASH_IN,269649.41,C9825826086,2889140.92,3158790.33,C2481825568,601136.01,331486.6,0,0
256,PAYMENT,2543.31,C9091687904,124525.93,121982.62,M5531425755,0.0,0.0,0,0
38,PAYMENT,11299.45,C5912916234,174901.12,163601.67,M9550208238,0.0,0.0,0,0
417,PAYMENT,27931.67,C3233808745,55360.66,27428.99,M8061094621,0.0,0.0,0,0
53,CASH_OUT,19290.03,C3403994951,324423.47,305133.44,C5327218367,2519770.13,2539060.16,0,0
658,CASH_OUT,53204.86,C0600595465,53204.86,0.0,C3502630183,2690007.75,2743212.61,1,0
24,PAYMENT,2544.37,C7116181964,68900.97,66356.6,M7725926181,0.0,0.0,0,0
475,PAYMENT,4717.43,C0391070848,192538.77,187821.34,M2793454236,0.0,0.0,0,0
35,CASH_OUT,3437339.58,C3580414474,3437339.58,0.0,C9100310298,1247535.97,4684875.55,1,0
441,PAYMENT,18658.6,C6317465219,61188.6,42530.0,M2929486054,0.0,0.0,0,0
155,CASH_OUT,950029.76,C6032084758,0.0,0.0,C8451963541,0.0,950029.76,0,0
542,CASH_OUT,14455.89,C3191449685,14455.89,0.0,C8884397959,0.0,14455.89,1,0
533,CASH_IN,78936.41,C9913917117,1941888.9,2020825.31,C8356736458,2338582.67,2259646.26,0,0
213,CASH_IN,123927.04,C9807506775,42898.81,166825.85,C3360952919,1488954.16,1365027.12,0,0
213,CASH_OUT,168373.74,C6313500904,43242.1,0.0,C8830315196,0.0,168373.74,0,0
434,PAYMENT,869.91,C7224143273,133170.74,132300.83,M6282283606,0.0,0.0,0,0
642,PAYMENT,22255.67,C6777167249,150631.6,128375.93,M5666792965,0.0,0.0,0,0
217,PAYMENT,4604.75,C8008179484,85570.19,80965.44,M9370803514,0.0,0.0,0,0
735,CASH_OUT,225952.01,C5622771258,348353.01,122401.0,C9122076011,2794036.69,3019988.7,0,0
610,PAYMENT,422.03,C9146433233,8167.12,7745.09,M6562263711,0.0,0.0,0,0
411,CASH_IN,224055.72,C7258821763,660563.94,884619.66,C7724301941,1236924.42,1012868.7,0,0
565,PAYMENT,6008.26,C7991699286,120200.11,114191.85,M9030486343,0.0,0.0,0,0
542,CASH_OUT,35132.81,C0971013818,0.0,0.0,C2843756400,2255142.37,2290275.18,0,0
457,CASH_OUT,246235.39,C5064110666,369971.78,123736.39,C1381741956,235643.54,481878.93,0,0
78,TRANSFER,930164.43,C0192045569,930164.43,0.0,C7000339308,0.0,0.0,1,0
606,TRANSFER,545852.65,C1675396828,50101.81,0.0,C3993320528,4103933.03,4649785.68,0,0
132,CASH_OUT,93827.77,C4487154165,163556.13,69728.36,C2961414165,786193.69,880021.46,0,0
46,PAYMENT,14732.53,C2931119887,168286.37,153553.84,M3858348374,0.0,0.0,0,0
225,PAYMENT,6630.65,C0965054505,58009.57,51378.92,M0976761482,0.0,0.0,0,0
458,CASH_OUT,113396.94,C1288353362,0.0,0.0,C1612199726,622599.99,735996.93,0,0
491,TRANSFER,902840.08,C6538830119,902840.08,0.0,C5628774653,0.0,0.0,1,0
547,CASH_OUT,35327.47,C7250254964,0.0,0.0,C4509526690,1451242.48,1486569.95,0,0
310,PAYMENT,4254.48,C4955450045,85830.36,81575.88,M2760477296,0.0,0.0,0,0
117,PAYMENT,18671.64,C4969064235,122912.79,104241.15,M6908637670,0.0,0.0,0,0
51,CASH_OUT,50517.37,C9410814652,0.0,0.0,C1513176703,721269.16,771786.53,0,0
731,PAYMENT,3685.16,C4981475133,40583.96,36898.8,M2797711777,0.0,0.0,0,0
313,CASH_OUT,137541.64,C0296925836,0.0,0.0,C5863652569,1755279.25,1892820.89,0,0
620,CASH_IN,419099.79,C8817584807,683470.13,1102569.92,C0971825012,2994619.11,2575519.32,0,0
398,CASH_IN,239551.49,C6850380080,2655103.14,2894654.63,C6504894870,2156305.35,1916753.86,0,0
241,CASH_IN,62740.56,C9614158291,351152.61,413893.17,C0773030689,3085471.2,3022730.64,0,0
592,PAYMENT,10827.31,C3212581678,31180.26,20352.95,M4996960913,0.0,0.0,0,0
638,CASH_IN,191130.49,C7365001994,3385946.6,3577077.09,C9207327371,2133211.1,1942080.61,0,0
70,CASH_OUT,14363.67,C0060293739,206646.25,192282.58,C8663878818,1604715.05,1619078.72,0,0
512,CASH_OUT,82371.24,C7378039891,82371.24,0.0,C4185207889,1415928.56,1498299.8,1,0
602,CASH_IN,126027.99,C1187166569,2308566.25,2434594.24,C5384766775,1780663.09,1654635.1,0,0
571,CASH_IN,224817.39,C8378570665,1832695.09,2057512.48,C7672342333,2435767.61,2210950.22,0,0
307,CASH_IN,623699.66,C4146723557,2348287.46,2971987.12,C8283366520,3058970.56,2435270.9,0,0
63,PAYMENT,6537.59,C1936265141,188268.8,181731.21,M8827197698,0.0,0.0,0,0
638,CASH_OUT,76822.17,C6885654592,76822.17,0.0,C4650266796,0.0,76822.17,1,0
98,CASH_IN,623491.06,C1665251410,1672268.17,2295759.23,C1564107922,782245.17,158754.11,0,0
235,CASH_IN,31820.66,C3032417890,3382666.84,3414487.5,C8535585067,408114.16,376293.5,0,0
709,CASH_IN,105140.39,C0717784285,2182350.64,2287491.03,C6527179515,953990.07,848849.68,0,0
394,CASH_OUT,63709.15,C8778225470,0.0,0.0,C3541587868,2977753.19,3041462.34,0,0
444,CASH_OUT,102911.82,C2250253669,0.0,0.0,C8713880421,1136694.69,1239606.51,0,0
49,PAYMENT,21019.21,C5480542685,15056.75,0.0,M4633800194,0.0,0.0,0,0
171,CASH_OUT,84714.97,C2123667233,0.0,0.0,C0626733810,1640730.15,1725445.12,0,0
494,CASH_IN,408317.37,C6350435994,378806.53,787123.9,C4669499503,2032371.84,1624054.47,0,0
268,CASH_IN,51464.88,C8015551501,2293807.08,2345271.96,C4983708379,35481.49,0.0,0,0
521,PAYMENT,28582.69,C9148577949,178656.8,150074.11,M7168181871,0.0,0.0,0,0
158,CASH_OUT,450598.69,C1042120993,0.0,0.0,C8728444707,0.0,450598.69,0,0
576,PAYMENT,7639.6,C5032457415,169813.13,162173.53,M7220309165,0.0,0.0,0,0
548,CASH_IN,240671.29,C6219483983,791685.65,1032356.94,C4025139004,640461.27,399789.98,0,0
17,CASH_IN,147587.32,C6380180110,2004464.48,2152051.8,C6090685412,1220192.48,1072605.16,0,0
45,CASH_IN,14298.62,C1197340050,488609.75,502908.37,C6557158287,3383601.17,3369302.55,0,0
321,TRANSFER,7157723.64,C9660534229,7157723.64,0.0,C5407436158,0.0,0.0,1,0
373,CASH_OUT,67800.65,C3139023529,67800.65,0.0,C0950112363,0.0,67800.65,1,0
537,CASH_OUT,512203.73,C6181146171,512203.73,0.0,C7046266637,0.0,512203.73,1,0
567,TRANSFER,103873.73,C8139284205,0.0,0.0,C4203916059,4607250.32,4711124.05,0,0
257,TRANSFER,37287.51,C7493066934,37287.51,0.0,C5374742957,0.0,0.0,1,0
732,CASH_OUT,95768.29,C4953866610,0.0,0.0,C7767608218,180228.19,275996.48,0,0
150,PAYMENT,3696.64,C9499054435,37200.87,33504.23,M2186330290,0.0,0.0,0,0
365,TRANSFER,509372.2,C7659221653,509372.2,0.0,C6315444922,0.0,0.0,1,0
420,CASH_OUT,4149.48,C8413244449,409249.45,405099.97,C4300648608,1938214.38,1942363.86,0,0
130,CASH_OUT,273564.52,C7502969362,273564.52,0.0,C3181244332,1970113.48,2243678.0,1,0
674,CASH_OUT,53912.97,C0841604774,0.0,0.0,C1840108402,126160.13,180073.1,0,0
491,CASH_OUT,283719.48,C2174037627,419314.99,135595.51,C3752923385,0.0,283719.48,0,0
533,TRANSFER,419811.59,C1738967249,0.0,0.0,C9485613780,5575472.45,5995284.04,0,0
33,TRANSFER,266899.88,C7380981160,266899.88,0.0,C5053784669,0.0,0.0,1,0
176,CASH_OUT,890729.17,C6531887524,218422.35,111222.69,C4487832453,2155737.18,3046466.35,0,0
75,TRANSFER,5404317.89,C8428699475,0.0,0.0,C4976917347,4049065.15,9453383.04,0,0
207,CASH_OUT,174603.36,C8453169541,0.0,0.0,C6422351748,2921329.13,3095932.49,0,0
477,CASH_IN,111753.45,C2682284571,2304999.07,2416752.52,C8476118521,3416855.02,3305101.57,0,0
101,CASH_OUT,146838.12,C9311360747,146838.12,0.0,C4105588132,0.0,146838.12,1,0
94,PAYMENT,34769.77,C7124612403,86800.94,52031.17,M7495591043,0.0,0.0,0,0
156,TRANSFER,106923.04,C6566472090,0.0,0.0,C2314919454,961810.71,1068733.75,0,0
477,TRANSFER,375791.42,C3838825746,375791.42,0.0,C9688882012,0.0,0.0,1,0
511,PAYMENT,7032.58,C1202944226,149346.09,142313.51,M7407850792,0.0,0.0,0,0
521,CASH_IN,49243.77,C2483287697,1405320.29,1454564.06,C8067965510,2766100.78,2716857.01,0,0
41,PAYMENT,5848.77,C0498770978,50909.44,45060.67,M0640293266,0.0,0.0,0,0
245,TRANSFER,567759.98,C8642413256,567759.98,0.0,C9032558971,0.0,0.0,1,0
37,TRANSFER,106643.95,C8577017127,106643.95,0.0,C2104679672,0.0,0.0,1,0
184,CASH_OUT,696752.46,C4921319132,41802.69,0.0,C0493770545,1781842.97,2478595.43,0,0
133,PAYMENT,7721.45,C1219756208,7105.98,0.0,M0507922832,0.0,0.0,0,0
594,CASH_IN,140109.68,C1486158621,1234570.41,1374680.09,C4115954967,1756005.71,1615896.03,0,0
427,PAYMENT,19738.1,C0586263426,88713.96,68975.86,M9749093896,0.0,0.0,0,0
258,CASH_IN,136518.08,C4500988356,2425413.24,2561931.32,C2443899737,935838.71,799320.63,0,0
186,CASH_OUT,109666.24,C8192318701,0.0,0.0,C5130474245,2956622.97,3066289.21,0,0
140,CASH_OUT,433466.95,C8025832200,454896.14,21429.19,C4553236666,0.0,433466.95,0,0
52,PAYMENT,7751.08,C4197370360,163650.8,155899.72,M5273760000,0.0,0.0,0,0
134,CASH_OUT,90682.08,C3596655259,0.0,0.0,C3244378318,2161106.25,2251788.33,0,0
628,CASH_IN,550811.33,C8803236544,2390682.76,2941494.09,C0134986014,2311861.88,1761050.55,0,0
36,TRANSFER,84276.86,C8330988354,84276.86,0.0,C4547018883,0.0,0.0,1,0
341,CASH_OUT,5820.25,C4755922649,229242.51,223422.26,C4145564111,0.0,5820.25,0,0
36,CASH_OUT,1462346.76,C6674856348,209196.55,0.0,C3340330221,2428194.12,3890540.88,0,0
556,PAYMENT,14152.19,C4069109527,66378.83,52226.64,M2513307090,0.0,0.0,0,0
71,CASH_OUT,10023.8,C5161042075,40741.99,30718.19,C9282482902,0.0,10023.8,0,0
439,PAYMENT,5237.27,C0834482303,116597.73,111360.46,M8499055383,0.0,0.0,0,0
374,PAYMENT,5856.05,C7035620560,90605.22,84749.17,M5677728337,0.0,0.0,0,0
246,CASH_IN,133842.25,C1557911591,1425381.79,1559224.04,C3624830827,1842017.75,1708175.5,0,0
631,TRANSFER,314916.32,C7620311753,314916.32,0.0,C1765111093,0.0,0.0,1,0
488,TRANSFER,826613.98,C7535706876,826613.98,0.0,C0774561279,0.0,0.0,1,0
198,PAYMENT,5461.67,C0398877590,67850.22,62388.55,M7267062045,0.0,0.0,0,0
155,TRANSFER,49132.54,C5744310372,0.0,0.0,C5221328930,2665577.49,2714710.03,0,0
215,PAYMENT,3386.48,C5466556353,70028.31,66641.83,M4124590837,0.0,0.0,0,0
502,CASH_OUT,83144.46,C4308797984,83144.46,0.0,C7276462643,0.0,83144.46,1,0
82,CASH_OUT,662588.64,C1508659437,662588.64,0.0,C5768304682,2962653.48,3625242.12,1,0
552,CASH_OUT,1089594.79,C5647078893,0.0,0.0,C7567175445,548657.22,1638252.01,0,0
86,CASH_OUT,27624.76,C3724795266,0.0,0.0,C6608227945,1178756.36,1206381.12,0,0
408,CASH_IN,462455.33,C9788957931,2211856.42,2674311.75,C4704229513,3181934.25,2719478.92,0,0
577,CASH_OUT,86568.41,C5609525815,86568.41,0.0,C5857783728,130062.88,216631.29,1,0
702,CASH_IN,94302.33,C0769095237,1108992.8,1203295.13,C9615800050,447797.17,353494.84,0,0
191,CASH_OUT,36510.91,C5188753885,0.0,0.0,C7150874881,1608462.84,1644973.75,0,0
47,CASH_OUT,125641.16,C3772895350,276686.69,271090.3,C8394512525,1855737.59,1981378.75,0,0
447,TRANSFER,4911193.0,C2415156118,4911193.0,0.0,C7282916014,0.0,0.0,1,0
70,CASH_OUT,641977.09,C1333454299,184571.34,0.0,C0103388195,553083.34,1195060.43,0,0
112,CASH_OUT,137750.39,C0188759340,0.0,0.0,C7633527348,0.0,137750.39,0,0
174,CASH_OUT,274230.64,C2837829677,0.0,0.0,C1193347558,2044644.05,2318874.69,0,0
215,CASH_OUT,20619.2,C3708382858,22384.74,1765.54,C0951341995,1617478.82,1638098.02,0,0
434,CASH_IN,137139.38,C4682267360,3344347.54,3481486.92,C5822998384,2979406.59,2842267.21,0,0
323,CASH_OUT,136811.67,C6940346514,0.0,0.0,C2643727407,1050919.04,1187730.71,0,0
629,CASH_IN,44903.54,C2507098598,2604958.01,2649861.55,C3889411195,1572532.72,1527629.18,0,0
23,PAYMENT,2593.13,C9376145401,109067.29,106474.16,M5171683103,0.0,0.0,0,0
92,TRANSFER,157046.29,C4284363320,0.0,0.0,C9263315635,2239818.63,2396864.92,0,0
292,PAYMENT,2133.47,C7614827760,68781.64,66648.17,M3805986946,0.0,0.0,0,0
404,CASH_OUT,1447024.65,C5597969658,1447024.65,0.0,C8096879211,0.0,1447024.65,1,0
587,CASH_OUT,316754.49,C1717023817,111032.04,0.0,C9637657935,2547161.27,2863915.76,0,0
464,PAYMENT,53872.35,C6804791801,157351.17,103478.82,M9665552836,0.0,0.0,0,0
238,PAYMENT,10029.08,C4873078489,4481.09,0.0,M5751093363,0.0,0.0,0,0
674,CASH_OUT,68452.75,C3082872703,0.0,0.0,C4717007171,0.0,68452.75,0,0
693,TRANSFER,107173.35,C1811322187,0.0,0.0,C1696600693,3704856.74,3812030.09,0,0
477,PAYMENT,12792.7,C3584008771,78914.0,66121.3,M2352147633,0.0,0.0,0,0
26,CASH_OUT,21859.28,C9632070439,0.0,0.0,C9193412645,0.0,21859.28,0,0
162,CASH_OUT,193573.18,C9916940169,0.0,0.0,C6820337503,829732.94,1023306.12,0,0
463,CASH_OUT,1200632.06,C1651483872,1200632.06,0.0,C1023654777,593412.76,1794044.82,1,0
662,CASH_OUT,66076.51,C4999420885,66076.51,0.0,C0825610099,0.0,66076.51,1,0
457,CASH_OUT,70586.19,C3205127457,112117.17,41530.98,C1201227889,992270.49,1062856.68,0,0
663,DEBIT,2204.54,C3213752580,9614.3,7409.76,M7595528727,0.0,0.0,0,0
463,CASH_OUT,719692.72,C6421874201,141375.35,0.0,C1174169513,0.0,719692.72,0,0
445,CASH_IN,55403.63,C6180449043,783099.78,838503.41,C4938788771,169285.99,113882.36,0,0
277,PAYMENT,2812.21,C3345263241,191163.84,188351.63,M6255768813,0.0,0.0,0,0
484,PAYMENT,1763.8,C5959306201,156260.9,154497.1,M2531983384,0.0,0.0,0,0
37,PAYMENT,9169.15,C4343955290,153763.46,144594.31,M5320732804,0.0,0.0,0,0
125,CASH_OUT,53222.81,C0867937556,250770.46,197547.65,C5134956739,1883479.34,1936702.15,0,0
520,PAYMENT,3446.03,C5664775084,72532.93,69086.9,M6608053049,0.0,0.0,0,0
129,CASH_OUT,361088.66,C6773916170,361088.66,0.0,C2360237965,431334.54,792423.2,1,0
482,CASH_OUT,88291.0,C3294593452,3585.55,0.0,C0566262668,998599.37,1086890.37,0,0
679,TRANSFER,155528.96,C0211040298,0.0,0.0,C6619491619,697709.75,853238.71,0,0
683,CASH_OUT,124849.77,C9607083126,124849.77,0.0,C8519745930,1873059.06,1997908.83,1,0
114,PAYMENT,4395.22,C9808269862,140741.23,136346.01,M5445091905,0.0,0.0,0,0
20,PAYMENT,8500.23,C9103378470,133584.65,125084.42,M7342488325,0.0,0.0,0,0
507,CASH_IN,54560.12,C3741619430,3316944.13,3371504.25,C5990384557,3104259.09,3049698.97,0,0
525,PAYMENT,268.45,C0795543007,65431.33,65162.88,M9677602403,0.0,0.0,0,0
289,CASH_OUT,170691.76,C4590422727,0.0,0.0,C4574199669,1380076.16,1550767.92,0,0
316,CASH_IN,170271.87,C6592179643,1850106.59,2020378.46,C4225929593,2344300.33,2174028.46,0,0
735,PAYMENT,8564.47,C6874366343,6343.43,0.0,M0454923225,0.0,0.0,0,0
163,CASH_OUT,27455.66,C1910595960,90476.31,63020.65,C4533604377,857381.72,884837.38,0,0
318,CASH_OUT,1525256.82,C7744415820,428307.57,0.0,C9132963176,1036449.03,2561705.85,0,0
395,CASH_OUT,408791.85,C3042004557,0.0,0.0,C4650586025,0.0,408791.85,0,0
600,CASH_OUT,19639.74,C9409515023,0.0,0.0,C7972624620,1163534.98,1183174.72,0,0
329,TRANSFER,33263.84,C0706936844,40311.19,0.0,C2570722459,3093544.29,3126808.13,0,0
170,TRANSFER,1715791.39,C6592370581,0.0,0.0,C8617028803,2241980.07,3957771.46,0,0
651,CASH_OUT,57136.25,C3127657632,66471.55,9335.3,C9676285530,2919783.76,2976920.01,0,0
412,PAYMENT,3313.91,C9342596297,29317.48,26003.57,M4851194630,0.0,0.0,0,0
327,CASH_IN,130328.35,C3273733984,244525.49,374853.84,C2456102159,752487.2,622158.85,0,0
217,CASH_IN,61203.31,C1594027731,847799.44,909002.75,C7807768061,1749851.11,1688647.8,0,0
234,CASH_IN,78767.37,C0856680909,292255.93,371023.3,C2459106070,3319424.37,3240657.0,0,0
716,CASH_OUT,30442.6,C7700637232,30442.6,0.0,C2746054941,0.0,30442.6,1,0
347,CASH_OUT,29448.18,C5798333767,0.0,0.0,C9369805139,1262242.11,1291690.29,0,0
726,TRANSFER,4699666.05,C7850893456,0.0,0.0,C8895080121,3578976.73,8278642.78,0,0
587,CASH_OUT,315219.89,C2707126031,107409.68,0.0,C2917306255,2801508.88,3116728.77,0,0
444,PAYMENT,8609.17,C9666280068,135572.87,126963.7,M3342413971,0.0,0.0,0,0
661,CASH_OUT,103979.27,C7186558803,0.0,0.0,C0457027688,0.0,103979.27,0,0
620,TRANSFER,274693.47,C1849396772,274693.47,0.0,C8969864815,0.0,0.0,1,0
251,TRANSFER,1012145.59,C8133144126,1012145.59,0.0,C9950892408,0.0,0.0,1,0
574,CASH_IN,316051.78,C4815395706,1264976.27,1581028.05,C2052571723,2189540.41,1873488.63,0,0
210,CASH_OUT,80104.98,C9427473873,0.0,0.0,C9631583407,1501661.03,1581766.01,0,0
640,CASH_OUT,319032.67,C0458844972,0.0,0.0,C4693379977,0.0,319032.67,0,0
296,PAYMENT,1205.79,C3580612156,187872.66,186666.87,M7310144812,0.0,0.0,0,0
723,PAYMENT,2117.27,C3479047082,195690.97,193573.7,M6962663065,0.0,0.0,0,0
658,CASH_OUT,63880.46,C9542113701,0.0,0.0,C2084085342,580061.95,643942.41,0,0
688,CASH_IN,279237.29,C4072981636,1035708.12,1314945.41,C6299179179,2038295.53,1759058.24,0,0
252,CASH_OUT,147723.19,C7959781990,349257.18,201533.99,C3949699081,1287239.88,1434963.07,0,0
609,PAYMENT,5243.75,C3312223263,120964.91,115721.16,M6592921880,0.0,0.0,0,0
508,PAYMENT,4865.16,C5263928627,68954.83,64089.67,M2635512329,0.0,0.0,0,0
286,PAYMENT,15509.13,C8213897625,107929.21,92420.08,M1098662575,0.0,0.0,0,0
709,PAYMENT,5630.98,C7205319936,124792.22,119161.24,M4481698016,0.0,0.0,0,0
682,TRANSFER,2696978.39,C4492301982,2696978.39,0.0,C7593937363,0.0,0.0,1,0
525,PAYMENT,30342.95,C4768622007,114796.21,84453.26,M8147893973,0.0,0.0,0,0
247,TRANSFER,541373.15,C8611094612,541373.15,0.0,C5269369801,0.0,0.0,1,0
426,TRANSFER,22103.38,C6800919230,22103.38,0.0,C9314170430,0.0,0.0,1,0
46,PAYMENT,2702.77,C6806725762,151897.72,149194.95,M0553007849,0.0,0.0,0,0
453,PAYMENT,41093.67,C9678384313,145227.48,104133.81,M9826384877,0.0,0.0,0,0
683,CASH_OUT,28130.53,C4315516114,0.0,0.0,C7297991470,1274429.36,1302559.89,0,0
692,PAYMENT,70519.29,C0971392547,23886.62,0.0,M7464663198,0.0,0.0,0,0
661,CASH_OUT,46302.16,C9255390873,46302.16,0.0,C7490059079,681853.5,728155.66,1,0
485,CASH_IN,73896.29,C8210690751,2397277.53,2471173.82,C2283104474,1982832.85,1908936.56,0,0
127,PAYMENT,1113.91,C2536711000,180784.03,179670.12,M4878715567,0.0,0.0,0,0
310,PAYMENT,12632.62,C8817944433,196279.47,183646.85,M5813753313,0.0,0.0,0,0
316,PAYMENT,4089.81,C2655271844,84593.46,80503.65,M6415218351,0.0,0.0,0,0
235,PAYMENT,1494.85,C5550614340,12172.52,10677.67,M7056577898,0.0,0.0,0,0
588,PAYMENT,634.66,C5869982127,176030.99,175396.33,M6696153662,0.0,0.0,0,0
486,CASH_OUT,32093.86,C9130022085,0.0,0.0,C6355752595,124202.16,156296.02,0,0
440,TRANSFER,500768.51,C6724374911,500768.51,0.0,C7763034498,0.0,0.0,1,0
461,CASH_OUT,30501.22,C6509129515,0.0,0.0,C0750946563,1535846.82,1566348.04,0,0
623,PAYMENT,9032.15,C7334288470,56603.86,47571.71,M3257440288,0.0,0.0,0,0
427,CASH_OUT,251563.42,C8376859702,251563.42,0.0,C7173259840,1603906.44,1855469.86,1,0
655,CASH_OUT,43724.05,C3090877185,0.0,0.0,C2562295832,1526866.93,1570590.98,0,0
15,TRANSFER,138228.73,C5219501462,138228.73,0.0,C3794431080,0.0,0.0,1,0
607,CASH_IN,117970.4,C5640919907,807353.89,925324.29,C8129711201,26123.37,0.0,0,0
625,CASH_OUT,138698.56,C3879597763,0.0,0.0,C6572781368,2630003.12,2768701.68,0,0
546,CASH_OUT,1700653.27,C1254436894,1700653.27,0.0,C8617367998,0.0,1700653.27,1,0
504,TRANSFER,537772.13,C0260145133,537772.13,0.0,C5305853412,0.0,0.0,1,0
327,PAYMENT,9964.09,C5038342037,132030.88,122066.79,M8664048570,0.0,0.0,0,0
345,CASH_OUT,75181.8,C6920762812,0.0,0.0,C1806196753,2193434.32,2268616.12,0,0
508,TRANSFER,1743783.26,C6663808369,1743783.26,0.0,C2488253530,0.0,0.0,1,0
60,PAYMENT,7081.86,C4730510125,11479.83,4397.97,M9132393661,0.0,0.0,0,0
188,PAYMENT,16596.34,C6989412332,37357.92,20761.58,M6405843232,0.0,0.0,0,0
631,TRANSFER,783071.1,C0444625280,0.0,0.0,C0694131470,5410961.03,6194032.13,0,0
575,CASH_IN,186376.58,C3667384271,2733816.55,2920193.13,C7210087553,40001.87,0.0,0,0
433,CASH_OUT,211253.86,C4435121422,171835.54,0.0,C5145150601,437203.13,648456.99,0,0
263,CASH_IN,144976.38,C6031500590,2809260.43,2954236.81,C2487276549,3465842.71,3320866.33,0,0
702,CASH_OUT,1212223.7,C3055374970,1212223.7,0.0,C2757307764,551977.92,1764201.62,1,0
14,CASH_IN,206458.4,C6678077557,1448700.94,1655159.34,C8728318222,581286.02,374827.62,0,0
673,PAYMENT,1567.13,C5821683741,196902.31,195335.18,M7156091295,0.0,0.0,0,0
503,CASH_IN,71771.09,C5417380225,549856.66,621627.75,C5912471226,2307425.07,2235653.98,0,0
594,CASH_OUT,778993.2,C8135755354,0.0,0.0,C4241192719,1672017.56,2451010.76,0,0
163,CASH_OUT,67590.97,C9898393509,0.0,0.0,C5857277803,1938154.31,2005745.28,0,0
435,CASH_IN,441951.32,C8595179006,315689.35,757640.67,C5558330562,609648.95,167697.63,0,0
541,CASH_IN,190314.88,C3185370568,2070170.69,2260485.57,C7719231121,2091171.59,1900856.71,0,0
224,PAYMENT,46469.69,C8923252739,119192.12,72722.43,M8005430844,0.0,0.0,0,0
302,PAYMENT,186.24,C0730839806,34399.34,34213.1,M3417298610,0.0,0.0,0,0
524,PAYMENT,1018.46,C0875027077,48945.67,47927.21,M7135152539,0.0,0.0,0,0
241,CASH_OUT,116118.47,C1763397294,116118.47,0.0,C0884728325,1246539.17,1362657.64,1,0
522,PAYMENT,3332.48,C5189744672,68897.84,65565.36,M0646427798,0.0,0.0,0,0
285,CASH_OUT,246117.45,C0159684992,218630.79,30242.18,C1130278746,2183700.59,2429818.04,0,0
176,PAYMENT,6430.46,C2431964732,130109.01,123678.55,M6506642932,0.0,0.0,0,0
523,PAYMENT,3322.23,C9543797548,78036.21,74713.98,M9880127000,0.0,0.0,0,0
221,TRANSFER,234795.34,C6853698459,0.0,0.0,C7990013189,1216570.93,1451366.27,0,0
139,CASH_OUT,259208.34,C1824197678,244482.04,0.0,C6077818586,1373787.13,1632995.47,0,0
53,CASH_IN,487531.65,C2182603678,1061549.56,1549081.21,C8296944872,2663256.93,2175725.28,0,0
390,CASH_IN,32223.14,C3359430834,1010985.22,1043208.36,C5935832091,487586.15,455363.01,0,0
19,CASH_OUT,15095.83,C3420449634,0.0,0.0,C0283956291,2578181.48,2593277.31,0,0
32,TRANSFER,208188.42,C3136233576,208188.42,0.0,C1362036616,0.0,0.0,1,0
263,CASH_IN,380332.72,C8709374538,725712.0,1106044.72,C1800052580,1485742.62,1105409.9,0,0
392,PAYMENT,8111.79,C9202858413,111327.83,103216.04,M2933951427,0.0,0.0,0,0
256,CASH_IN,378921.17,C2389369037,1660839.58,2039760.75,C4044811159,2979274.58,2600353.41,0,0
459,PAYMENT,783.15,C9318496236,56360.78,55577.63,M2600070415,0.0,0.0,0,0
88,CASH_OUT,144509.57,C4739164097,0.0,0.0,C2974224032,1082868.63,1227378.2,0,0
90,PAYMENT,54773.36,C0974112224,65073.75,10300.39,M8806953423,0.0,0.0,0,0
669,PAYMENT,25909.39,C1213640214,199508.63,173599.24,M9140457304,0.0,0.0,0,0
319,CASH_OUT,23385.09,C2719477637,0.0,0.0,C1295627421,773586.89,796971.98,0,0
350,CASH_OUT,32208.63,C1743300789,122766.4,90557.77,C6097371411,2945116.39,2977325.02,0,0
12,TRANSFER,177510.02,C1983030630,199459.46,0.0,C0777239067,4817548.89,4995058.91,0,0
186,TRANSFER,2382748.49,C3261769028,2382748.49,0.0,C4507293154,0.0,0.0,1,0
351,CASH_OUT,20217.47,C2203578738,269633.48,105682.97,C6449417728,2157637.05,2177854.52,0,0
365,PAYMENT,2350.81,C9779916760,171206.6,168855.79,M0104399592,0.0,0.0,0,0
732,PAYMENT,175.04,C1168059410,81048.14,80873.1,M1887002153,0.0,0.0,0,0
103,CASH_OUT,65686.92,C6278312854,421902.5,144524.69,C0967265129,2826636.04,2892322.96,0,0
425,TRANSFER,823550.07,C1017124136,823550.07,0.0,C9475459050,0.0,0.0,1,0
326,PAYMENT,5784.44,C0063618448,115712.08,109927.64,M5631080583,0.0,0.0,0,0
154,PAYMENT,3422.0,C3896700745,69403.86,65981.86,M6726137906,0.0,0.0,0,0
547,PAYMENT,1773.81,C2065507023,163319.41,161545.6,M7970728900,0.0,0.0,0,0
516,TRANSFER,2240957.27,C5901131184,2240957.27,0.0,C3494490475,0.0,0.0,1,0
186,TRANSFER,627654.72,C2364825121,0.0,0.0,C7358807961,5331400.81,5959055.53,0,0
493,PAYMENT,3045.75,C3674713786,68449.69,65403.94,M7302694875,0.0,0.0,0,0
474,PAYMENT,72990.19,C5004035422,156284.61,83294.42,M6512426382,0.0,0.0,0,0
370,CASH_OUT,846125.4,C9715925725,281536.16,198628.34,C3247321565,1076249.54,1922374.94,0,0
450,TRANSFER,1266464.37,C8050152017,1266464.37,0.0,C5393830121,0.0,0.0,1,0
122,TRANSFER,2633151.03,C8695525690,2633151.03,0.0,C1070932975,0.0,0.0,1,0
727,CASH_IN,30626.08,C7991667929,1788521.88,1819147.96,C6197963491,2066343.48,2035717.4,0,0
653,CASH_OUT,25441.84,C6179424676,25441.84,0.0,C5622958645,0.0,25441.84,1,0
124,CASH_IN,216448.0,C5120841598,1262056.42,1478504.42,C8339189868,1788497.95,1572049.95,0,0
31,CASH_OUT,160399.42,C0058123506,0.0,0.0,C0983482227,2958848.55,3119247.97,0,0
366,TRANSFER,29798.57,C5022686455,29798.57,0.0,C1992116016,0.0,0.0,1,0
114,CASH_OUT,181315.25,C1546662150,0.0,0.0,C9542683006,1980620.76,2161936.01,0,0
551,PAYMENT,3208.61,C0611641602,12706.39,9497.78,M7925898380,0.0,0.0,0,0
246,PAYMENT,8124.13,C7740192694,96945.85,88821.72,M2183675515,0.0,0.0,0,0
724,CASH_OUT,55967.56,C3594515592,0.0,0.0,C3864220141,1806213.93,1862181.49,0,0
15,CASH_IN,296721.9,C3987771792,1263114.8,1559836.7,C2946977962,1125903.34,829181.44,0,0
737,PAYMENT,26725.71,C5667287118,20183.01,0.0,M8887454052,0.0,0.0,0,0
154,PAYMENT,1710.08,C3156084804,9618.57,7908.49,M7953633752,0.0,0.0,0,0
633,CASH_IN,583556.27,C7993988522,3247638.08,3831194.35,C9550451152,1413988.04,830431.77,0,0
519,PAYMENT,3967.05,C9992619048,172641.48,168674.43,M4001040147,0.0,0.0,0,0
262,CASH_OUT,684795.73,C3240132306,0.0,0.0,C1533147596,2449037.1,3133832.83,0,0
584,PAYMENT,17056.76,C6064226068,1589.94,0.0,M0789040336,0.0,0.0,0,0
208,CASH_IN,396336.69,C2797213793,269388.59,665725.28,C1656041362,1786488.37,1390151.68,0,0
489,CASH_OUT,65836.94,C7807269848,478339.72,153512.22,C8086649705,771827.89,837664.83,0,0
23,TRANSFER,804113.7,C7940592963,804113.7,0.0,C6408357073,0.0,0.0,1,0
405,CASH_IN,93018.32,C8638417536,782948.51,875966.83,C1506425332,3160300.17,3067281.85,0,0
219,CASH_OUT,103170.05,C0512680129,103170.05,0.0,C0143056160,0.0,103170.05,1,0
541,TRANSFER,50115.57,C0437734366,0.0,0.0,C3931107053,7085601.59,7135717.16,0,0
519,CASH_IN,25694.93,C5134089448,1803086.2,1828781.13,C4271267970,30392.59,4697.66,0,0
628,CASH_OUT,421829.08,C5945829196,276543.71,0.0,C4333007246,516981.81,938810.89,0,0
695,CASH_OUT,1456124.56,C6351511552,1456124.56,0.0,C0497094503,0.0,1456124.56,1,0
581,TRANSFER,931313.15,C3622723318,931313.15,0.0,C6851239261,0.0,0.0,1,0
266,PAYMENT,269.31,C2577009157,2117.07,1847.76,M5683598569,0.0,0.0,0,0
589,CASH_IN,470708.04,C3257856507,1915998.69,2386706.73,C9753883156,3115463.78,2644755.74,0,0
342,CASH_OUT,13965.98,C3243178426,0.0,0.0,C5001976602,271838.74,285804.72,0,0
587,CASH_IN,278587.92,C2812120277,2471415.35,2750003.27,C6982573543,124089.46,0.0,0,0
21,CASH_IN,242629.63,C6905938843,1668079.83,1910709.46,C6172104132,1576654.29,1334024.66,0,0
343,CASH_OUT,153276.64,C5003667115,0.0,0.0,C8953669157,360591.17,513867.81,0,0
510,CASH_OUT,1160247.35,C0359679685,167431.7,0.0,C8436341339,537773.56,1698020.91,0,0
334,CASH_OUT,10968.13,C2752407331,489673.06,478704.93,C5347050001,0.0,10968.13,0,0
412,CASH_OUT,189701.14,C7576192830,64603.73,10461.33,C9882655378,2998425.03,3188126.17,0,0
537,TRANSFER,52788.89,C7535902436,0.0,0.0,C1364763499,5672992.67,5725781.56,0,0
240,CASH_OUT,79227.46,C6884160837,79227.46,0.0,C7497804984,2776680.32,2855907.78,1,0
59,PAYMENT,954.64,C2165594338,33839.45,32884.81,M6725510767,0.0,0.0,0,0
484,PAYMENT,10195.44,C1165856887,99390.04,89194.6,M1667111561,0.0,0.0,0,0
642,PAYMENT,15063.06,C9132497749,161323.94,146260.88,M8602731948,0.0,0.0,0,0
327,CASH_OUT,1142883.33,C2484004691,156184.9,0.0,C5523001312,2852924.46,3995807.79,0,0
228,CASH_OUT,136819.16,C7144683522,0.0,0.0,C6390803863,1579726.12,1716545.28,0,0
71,TRANSFER,838465.85,C0760478201,838465.85,0.0,C3430324074,0.0,0.0,1,0
240,CASH_IN,567055.85,C3355017989,2892387.07,3459442.92,C8811459388,663031.89,95976.04,0,0
305,CASH_OUT,35685.46,C0425658368,22306.99,0.0,C2659332521,949202.51,984887.97,0,0
700,PAYMENT,4381.7,C3046960876,153877.48,149495.78,M2454671505,0.0,0.0,0,0
49,CASH_OUT,121208.62,C3448005172,121208.62,0.0,C5065020064,2005886.12,2127094.74,1,0
594,CASH_IN,22462.75,C8760401345,2669166.69,2691629.44,C4372876268,619967.42,597504.67,0,0
735,CASH_OUT,158397.96,C2227323579,18757.73,14822.54,C0197983461,0.0,158397.96,0,0
231,PAYMENT,3038.41,C5819100283,84870.41,81832.0,M1422575276,0.0,0.0,0,0
224,TRANSFER,108371.39,C3311714408,108371.39,0.0,C9662874796,0.0,0.0,1,0
153,CASH_OUT,111456.06,C2451130758,30616.84,0.0,C4784258982,1852333.22,1963789.28,0,0
328,PAYMENT,7825.27,C6412711004,114489.05,106663.78,M4592708331,0.0,0.0,0,0
379,TRANSFER,6053442.19,C7582853250,6053442.19,0.0,C7231431873,0.0,0.0,1,0
449,CASH_IN,452957.43,C0695669032,2702088.06,3155045.49,C7497099039,1906495.21,1453537.78,0,0
619,PAYMENT,1478.51,C4234258724,136056.58,134578.07,M7436168748,0.0,0.0,0,0
577,PAYMENT,691.79,C6728734040,47034.5,46342.71,M9805102278,0.0,0.0,0,0
574,PAYMENT,7478.01,C5046468098,152685.31,145207.3,M0316867191,0.0,0.0,0,0
445,CASH_IN,333692.19,C5665410436,2817313.8,3151005.99,C9599165950,703395.84,369703.65,0,0
161,CASH_IN,92459.36,C4275701165,1083852.96,1176312.32,C6994609037,600273.58,507814.22,0,0
428,CASH_OUT,627186.52,C2444167449,313200.02,0.0,C6147259222,0.0,627186.52,0,0
674,PAYMENT,5906.56,C0936956068,16761.09,10854.53,M2092546837,0.0,0.0,0,0
417,CASH_OUT,238004.58,C7419376997,352504.14,114499.56,C6580391346,1741122.31,1979126.89,0,0
194,CASH_IN,163603.04,C8044447188,3409518.89,3573121.93,C2037868286,450251.17,286648.13,0,0
183,CASH_OUT,129843.12,C6642964897,348004.5,218161.38,C8571370917,2280343.47,2410186.59,0,0
458,PAYMENT,4419.49,C5705472104,183833.86,179414.37,M4160362549,0.0,0.0,0,0
131,TRANSFER,2040522.35,C0383479861,0.0,0.0,C1169083372,2851885.2,4892407.55,0,0
122,CASH_IN,180684.51,C4959248197,850988.51,1031673.02,C8825031555,3236564.96,3055880.45,0,0
75,CASH_OUT,116061.4,C0592350981,259296.64,143235.24,C8716624817,2806557.04,2922618.44,0,0
614,PAYMENT,2289.32,C3468564734,52287.44,49998.12,M7027844574,0.0,0.0,0,0
112,PAYMENT,952.13,C6619560184,85675.76,84723.63,M6380482340,0.0,0.0,0,0
59,TRANSFER,391089.77,C3837846143,189818.1,0.0,C9752811811,4714686.07,5105775.84,0,0
140,CASH_OUT,22145.0,C6079464595,341417.93,319272.93,C5703866619,0.0,22145.0,0,0
225,PAYMENT,18512.76,C6908859376,166674.88,148162.12,M8759561394,0.0,0.0,0,0
14,CASH_IN,98861.81,C2342851638,2442538.52,2541400.33,C2177414613,3473111.72,3374249.91,0,0
520,CASH_IN,279685.0,C8011617167,1024912.47,1304597.47,C0749151407,339815.49,60130.49,0,0
343,PAYMENT,2135.94,C8889655286,96096.92,93960.98,M8297855007,0.0,0.0,0,0
171,CASH_IN,316643.63,C0638180774,497872.39,814516.02,C3671055975,2259449.04,1942805.41,0,0
637,PAYMENT,9676.6,C4366215670,112783.11,103106.51,M0014270814,0.0,0.0,0,0
728,DEBIT,2704.38,C3718455037,9853.72,7149.34,M5244338307,0.0,0.0,0,0
682,CASH_OUT,323799.88,C7588795143,79731.17,0.0,C8229651865,1480746.29,1804546.17,0,0
348,TRANSFER,923417.44,C9632980612,0.0,0.0,C5458172043,3440522.61,4363940.05,0,0
63,PAYMENT,7284.93,C3143724847,51872.9,44587.97,M6929958770,0.0,0.0,0,0
108,CASH_OUT,202425.68,C2895991135,202425.68,0.0,C7113293801,0.0,202425.68,1,0
304,PAYMENT,18525.95,C5023252696,117053.81,98527.86,M3730761606,0.0,0.0,0,0
551,CASH_IN,44883.64,C9111547216,2417106.03,2461989.67,C3596940740,1095119.68,1050236.04,0,0
69,CASH_IN,589326.15,C0178197274,854819.17,1444145.32,C6780269673,2797504.92,2208178.77,0,0
47,PAYMENT,14357.95,C1627582226,137268.52,122910.57,M8614534783,0.0,0.0,0,0
528,CASH_OUT,289547.75,C2002679548,0.0,0.0,C1692502741,362156.86,651704.61,0,0
252,TRANSFER,2068900.94,C3882057813,0.0,0.0,C7202780426,7700741.28,9769642.22,0,0
332,CASH_OUT,962174.65,C0915364349,338761.55,0.0,C2789927453,2798530.15,3760704.8,0,0
487,TRANSFER,190533.46,C1025861743,190533.46,0.0,C7261356928,0.0,0.0,1,0
488,CASH_OUT,541718.24,C7158381976,541718.24,0.0,C6931916299,0.0,541718.24,1,0
354,TRANSFER,2752948.49,C6844220399,0.0,0.0,C5709890965,3985852.59,6738801.08,0,0
698,TRANSFER,167526.65,C1756155598,167526.65,0.0,C6440528799,0.0,0.0,1,0
300,PAYMENT,18561.72,C9245950382,30205.12,11643.4,M7137823149,0.0,0.0,0,0
407,CASH_OUT,1697364.58,C6555148085,0.0,0.0,C3191850782,403744.92,2101109.5,0,0
715,CASH_IN,21687.11,C0865587672,3412565.44,3434252.55,C2565942186,1507797.19,1486110.08,0,0
593,TRANSFER,1702593.43,C7675098341,0.0,0.0,C9426985182,4195902.83,5898496.26,0,0
673,PAYMENT,44103.76,C4923070296,160957.92,116854.16,M7864137261,0.0,0.0,0,0
284,CASH_OUT,40583.95,C4971202694,288375.6,247791.65,C0523203388,1190413.6,1230997.55,0,0
323,TRANSFER,96504.27,C4369438085,96504.27,0.0,C0267169671,0.0,0.0,1,0
652,CASH_IN,81992.95,C9555845658,2373391.98,2455384.93,C2934098206,548523.12,466530.17,0,0
498,PAYMENT,2090.05,C8686982117,90024.24,87934.19,M7403037561,0.0,0.0,0,0
106,PAYMENT,8856.65,C4930496690,135273.63,126416.98,M5801943130,0.0,0.0,0,0
170,CASH_OUT,23959.36,C2251293729,0.0,0.0,C0173123700,2064511.1,2088470.46,0,0
177,CASH_OUT,85889.8,C1613132778,85889.8,0.0,C2008928513,0.0,85889.8,1,0
201,CASH_IN,314030.31,C5885800817,2757675.89,3071706.2,C6037988985,1778146.48,1464116.17,0,0
160,PAYMENT,17156.3,C9128046285,79514.24,62357.94,M0293552530,0.0,0.0,0,0
305,CASH_OUT,19413.24,C3616002141,367737.89,348324.65,C8681314105,2445178.34,2464591.58,0,0
607,CASH_OUT,723352.35,C7303190389,0.0,0.0,C3533680741,915355.44,1638707.79,0,0
78,CASH_IN,73560.97,C3950985715,1536000.08,1609561.05,C0777611780,1751911.5,1678350.53,0,0
119,PAYMENT,76496.62,C4845295540,48018.02,0.0,M7716470728,0.0,0.0,0,0
266,PAYMENT,15815.42,C7845027031,112243.47,96428.05,M6620313373,0.0,0.0,0,0
261,TRANSFER,4283768.84,C0715124837,4283768.84,0.0,C0264560687,0.0,0.0,1,0
215,TRANSFER,205093.19,C1228238165,0.0,0.0,C5897689726,4051399.5,4256492.69,0,0
597,TRANSFER,631808.85,C8254298501,0.0,0.0,C2059541819,2854799.43,3486608.28,0,0
170,CASH_OUT,19738.71,C6343855861,346014.4,326275.69,C4899969964,363434.28,383172.99,0,0
394,CASH_OUT,186053.59,C4924621032,186053.59,0.0,C1268507105,208177.57,394231.16,1,0
318,PAYMENT,5824.97,C0471854932,21437.3,15612.33,M8894681346,0.0,0.0,0,0
146,TRANSFER,374672.73,C8582174812,374672.73,0.0,C9808018131,0.0,0.0,1,0
443,CASH_OUT,42210.1,C4435337231,0.0,0.0,C4273447784,0.0,42210.1,0,0
209,PAYMENT,4339.03,C7399795712,122866.23,118527.2,M1944653350,0.0,0.0,0,0
145,CASH_OUT,630676.05,C1509276765,630676.05,0.0,C7839979156,0.0,630676.05,1,0
220,CASH_OUT,103654.26,C8207861104,0.0,0.0,C7654342278,857766.6,961420.86,0,0
627,CASH_OUT,227538.29,C4047824645,227538.29,0.0,C3869733067,0.0,227538.29,1,0
53,CASH_OUT,135452.98,C8146486626,135452.98,0.0,C8078473183,0.0,135452.98,1,0
560,CASH_OUT,412397.45,C2030719867,412397.45,0.0,C7856463196,0.0,412397.45,1,0
732,PAYMENT,443.6,C8078160709,138989.68,138546.08,M1839049254,0.0,0.0,0,0
295,PAYMENT,1652.35,C7688233440,171962.86,170310.51,M6382399511,0.0,0.0,0,0
370,CASH_OUT,701965.33,C9425504609,449241.82,0.0,C8802797565,225514.3,927479.63,0,0
429,CASH_IN,14148.79,C5431676898,173488.42,187637.21,C3478637675,1215230.16,1201081.37,0,0
288,CASH_OUT,37878.35,C1459197647,0.0,0.0,C2952885144,1324309.48,1362187.83,0,0
146,PAYMENT,18741.69,C7528197319,161210.17,142468.48,M8063920655,0.0,0.0,0,0
726,PAYMENT,5335.59,C3981967529,41841.03,36505.44,M1742239766,0.0,0.0,0,0
312,CASH_OUT,58754.71,C7770189192,0.0,0.0,C7136037030,1592069.96,1650824.67,0,0
66,CASH_OUT,90615.37,C8933182528,247782.4,157167.03,C7081342991,2049631.07,2140246.44,0,0
241,PAYMENT,4634.73,C0475173729,194172.11,189537.38,M3750041615,0.0,0.0,0,0
299,CASH_OUT,44772.56,C3485475952,299726.68,254954.12,C5566139870,1194016.0,1238788.56,0,0
312,CASH_IN,57484.13,C6834564416,1661882.73,1719366.86,C4740523219,1774661.75,1717177.62,0,0
699,CASH_OUT,43691.65,C4891838913,0.0,0.0,C2620711621,2209647.5,2253339.15,0,0
231,PAYMENT,526.96,C9367729501,85358.9,84831.94,M1550347606,0.0,0.0,0,0
462,CASH_OUT,485031.79,C3888347155,485031.79,0.0,C9000555234,0.0,485031.79,1,0
42,PAYMENT,1832.9,C1148832951,167290.94,165458.04,M8908188317,0.0,0.0,0,0
610,PAYMENT,4432.57,C9841992115,151862.34,147429.77,M3080176954,0.0,0.0,0,0
496,PAYMENT,1420.08,C2225749440,29648.44,28228.36,M1950450760,0.0,0.0,0,0
155,CASH_OUT,281077.56,C5864250806,474302.06,193224.5,C3059506463,1001044.42,1282121.98,0,0
13,CASH_IN,570626.36,C9696810697,1712935.91,2283562.27,C1361424784,2459496.35,1888869.99,0,0
239,CASH_IN,166689.7,C6717859848,3492980.88,3659670.58,C9049726229,1586743.59,1420053.89,0,0
42,CASH_IN,121684.87,C3606728461,863031.85,984716.72,C6001928504,934288.29,812603.42,0,0
660,TRANSFER,587877.94,C9706928966,587877.94,0.0,C5445487352,0.0,0.0,1,0
136,CASH_OUT,143927.96,C2378124372,143927.96,0.0,C4536754999,2425623.63,2569551.59,1,0
614,CASH_OUT,45338.27,C3818290265,255392.88,210054.61,C6871010764,1797187.32,1842525.59,0,0
439,TRANSFER,290306.92,C7981271024,290306.92,0.0,C1135579061,0.0,0.0,1,0
661,CASH_OUT,23760.39,C3517434229,23760.39,0.0,C2472688040,2561418.99,2585179.38,1,0
450,TRANSFER,30761.18,C7857668954,30761.18,0.0,C6796979781,0.0,0.0,1,0
342,CASH_OUT,295452.81,C7084725514,0.0,0.0,C6188943772,757607.88,1053060.69,0,0
402,CASH_OUT,165647.92,C3184555478,165647.92,0.0,C9430492876,428162.56,593810.48,1,0
40,CASH_IN,186659.56,C4077242419,1035456.21,1222115.77,C7851387726,1124689.91,938030.35,0,0
694,CASH_OUT,48578.99,C9472686522,48578.99,0.0,C5401415321,0.0,48578.99,1,0
597,TRANSFER,394569.23,C9586311385,394569.23,0.0,C0943836956,0.0,0.0,1,0
266,CASH_OUT,37503.29,C4252390704,0.0,0.0,C7850534039,0.0,37503.29,0,0
726,PAYMENT,53238.16,C2637066567,95370.81,42132.65,M9539551464,0.0,0.0,0,0
570,CASH_OUT,495931.38,C4525779530,0.0,0.0,C6107467365,1538205.56,2034136.94,0,0
152,CASH_OUT,65837.1,C4752379934,65837.1,0.0,C5010727371,0.0,65837.1,1,0
245,CASH_OUT,1073912.5,C9697715380,0.0,0.0,C2911534928,2051901.22,3125813.72,0,0
111,TRANSFER,606752.01,C6107615726,0.0,0.0,C2342363611,4912317.25,5519069.26,0,0
639,CASH_OUT,111703.17,C4616960601,8673.91,0.0,C1467219693,2171896.24,2283599.41,0,0
456,CASH_OUT,179346.81,C3794918921,435639.66,256292.85,C6014308281,2264667.5,2444014.31,0,0
387,CASH_IN,170811.06,C5698019350,1431070.5,1601881.56,C7781255048,2870016.43,2699205.37,0,0
473,PAYMENT,20751.84,C1075119000,34351.0,13599.16,M6772040148,0.0,0.0,0,0
733,CASH_OUT,159908.52,C7802251993,444406.66,284498.14,C5323186906,1200510.68,1360419.2,0,0
111,CASH_OUT,12374.52,C1462150734,12374.52,0.0,C2215162556,2266682.66,2279057.18,1,0
561,PAYMENT,9137.0,C1604034331,159319.53,150182.53,M4006984410,0.0,0.0,0,0
236,PAYMENT,3399.38,C9373517076,44521.3,41121.92,M0407538661,0.0,0.0,0,0
373,TRANSFER,136373.25,C3989367299,136373.25,0.0,C1746520588,0.0,0.0,1,0
244,TRANSFER,141402.69,C5456450818,141402.69,0.0,C7902049778,0.0,0.0,1,0
11,CASH_OUT,406637.44,C6464323781,84977.91,0.0,C0178419211,1364075.04,1770712.48,0,0
327,TRANSFER,370483.68,C5808969526,370483.68,0.0,C6122517196,0.0,0.0,1,0
255,CASH_IN,495936.32,C8616474990,708067.65,1204003.97,C4151649864,2339681.39,1843745.07,0,0
17,CASH_OUT,271525.81,C8633984310,0.0,0.0,C4187504685,355963.37,627489.18,0,0
345,CASH_OUT,66902.19,C1581527562,0.0,0.0,C1310241085,1879972.88,1946875.07,0,0
406,PAYMENT,6929.61,C1585491416,46740.93,39811.32,M9788514763,0.0,0.0,0,0
164,PAYMENT,2516.87,C3920350176,197908.53,195391.66,M2839722552,0.0,0.0,0,0
537,TRANSFER,318397.97,C1612110583,318397.97,0.0,C7520704079,0.0,0.0,1,0
243,PAYMENT,23260.15,C2577575335,152755.72,129495.57,M1040130253,0.0,0.0,0,0
478,CASH_OUT,268589.23,C6362379875,324487.49,55898.26,C5860779990,0.0,268589.23,0,0
468,TRANSFER,518965.22,C5192429410,518965.22,0.0,C9270862829,0.0,0.0,1,0
50,PAYMENT,18109.27,C8199705907,108906.44,90797.17,M0847836447,0.0,0.0,0,0
172,PAYMENT,2362.01,C4658844248,138199.42,135837.41,M4775981294,0.0,0.0,0,0
75,CASH_IN,26916.09,C8818068673,407267.66,434183.75,C2227217527,112938.46,86022.37,0,0
165,PAYMENT,9538.31,C2579344896,16832.39,7294.08,M7875868164,0.0,0.0,0,0
367,TRANSFER,476088.64,C0649876190,476088.64,0.0,C4339252974,0.0,0.0,1,0
66,CASH_OUT,49211.09,C3067953826,102869.54,53658.45,C1745479513,647735.19,696946.28,0,0
377,PAYMENT,1811.11,C9260107407,32643.53,30832.42,M6815523046,0.0,0.0,0,0
233,TRANSFER,1777389.86,C2826131500,1777389.86,0.0,C5534474821,0.0,0.0,1,0
275,CASH_OUT,149713.24,C5965549949,302946.93,153233.69,C0524387196,1290879.01,1440592.25,0,0
263,CASH_OUT,1841362.15,C0679961276,211174.93,58831.44,C0491210627,1021387.79,2862749.94,0,0
302,CASH_OUT,239486.8,C5069837838,0.0,0.0,C6568337991,652084.96,891571.76,0,0
679,CASH_IN,124298.55,C1328569191,2459532.61,2583831.16,C8197158432,3443459.58,3319161.03,0,0
300,CASH_IN,265671.31,C7397545728,2579093.67,2844764.98,C2736779842,2332912.68,2067241.37,0,0
79,CASH_OUT,78973.02,C0465555362,447454.64,368481.62,C6301942167,2012523.18,2091496.2,0,0
132,CASH_OUT,93937.05,C1493229536,0.0,0.0,C5742056243,2774623.91,2868560.96,0,0
658,CASH_OUT,79992.39,C0140068255,0.0,0.0,C9091111467,480236.17,560228.56,0,0
683,PAYMENT,707.54,C5126508263,154513.87,153806.33,M7950547264,0.0,0.0,0,0
497,CASH_OUT,13666.65,C4193221642,0.0,0.0,C6182058733,920480.72,934147.37,0,0
595,CASH_OUT,26981.48,C9914816349,26981.48,0.0,C6395032680,976031.0,1003012.48,1,0
577,TRANSFER,149811.04,C8881126588,149811.04,0.0,C8068937413,0.0,0.0,1,0
431,TRANSFER,263679.97,C5490712825,263679.97,0.0,C3644855848,0.0,0.0,1,0
533,PAYMENT,18145.83,C6326315512,139082.68,120936.85,M2024708330,0.0,0.0,0,0
389,PAYMENT,1157.09,C1655595534,155933.17,154776.08,M7670226711,0.0,0.0,0,0
369,CASH_OUT,156633.96,C7800452629,156633.96,0.0,C1651615602,2766027.24,2922661.2,1,0
416,TRANSFER,324234.0,C7408282538,324234.0,0.0,C9787295317,0.0,0.0,1,0
210,CASH_OUT,270981.26,C9848913751,257768.29,0.0,C2182614962,2989776.0,3260757.26,0,0
383,PAYMENT,1389.03,C9514554475,123545.16,122156.13,M0671991229,0.0,0.0,0,0
688,PAYMENT,2605.12,C8715258882,32086.2,29481.08,M1668027641,0.0,0.0,0,0
150,CASH_OUT,102336.13,C1974333872,0.0,0.0,C1414633486,1000937.65,1103273.78,0,0
678,CASH_OUT,460435.55,C7748120116,0.0,0.0,C1517430207,2865153.84,3325589.39,0,0
204,CASH_OUT,22881.84,C7235035229,0.0,0.0,C2290558825,2776289.96,2799171.8,0,0
470,CASH_OUT,14282.51,C4086509065,14282.51,0.0,C5535346719,0.0,14282.51,1,0
326,CASH_OUT,9938.47,C7260426082,133487.29,123548.82,C5224893315,2753048.17,2762986.64,0,0
183,CASH_OUT,365922.19,C8978119627,0.0,0.0,C6785223063,1215289.54,1581211.73,0,0
593,CASH_IN,243764.64,C0868411185,273522.39,517287.03,C2278693361,119638.55,0.0,0,0
673,PAYMENT,744.36,C6443111843,177439.25,176694.89,M2348652307,0.0,0.0,0,0
707,CASH_IN,435144.51,C4452437638,2118613.78,2553758.29,C4893282718,1571831.23,1136686.72,0,0
511,PAYMENT,4347.52,C7486515160,73469.22,69121.7,M1422834033,0.0,0.0,0,0
484,CASH_OUT,65223.87,C0898680693,65223.87,0.0,C9543187491,1851954.11,1917177.98,1,0
576,TRANSFER,275894.54,C2811036242,275894.54,0.0,C8025840523,0.0,0.0,1,0
402,TRANSFER,1274514.65,C9000778101,1274514.65,0.0,C6068175922,0.0,0.0,1,0
20,TRANSFER,332225.45,C9799944492,332225.45,0.0,C7604174301,0.0,0.0,1,0
410,TRANSFER,57125.72,C3943753451,0.0,0.0,C0572390719,5771513.55,5828639.27,0,0
308,CASH_OUT,1097007.64,C4338617430,32263.69,0.0,C4855193586,1644714.01,2741721.65,0,0
609,PAYMENT,1371.2,C9868615715,159817.06,158445.86,M6139511590,0.0,0.0,0,0
87,CASH_OUT,373281.39,C3780816784,481958.44,108677.05,C7542173743,2731767.07,3105048.46,0,0
338,CASH_IN,171158.29,C4700062381,998477.5,1169635.79,C1067153046,3473447.89,3302289.6,0,0
174,CASH_OUT,251530.07,C5101059322,0.0,0.0,C1901611502,329321.89,580851.96,0,0
588,CASH_OUT,44397.6,C2710363859,0.0,0.0,C8349810557,1289898.86,1334296.46,0,0
197,PAYMENT,4138.53,C7907837463,165714.86,161576.33,M2189653665,0.0,0.0,0,0
289,PAYMENT,257.32,C6850396850,146946.78,146689.46,M1747576463,0.0,0.0,0,0
554,CASH_OUT,337287.15,C2231613399,337287.15,0.0,C0172691902,459807.94,797095.09,1,0
374,CASH_IN,6610.52,C4970034461,3140900.64,3147511.16,C0136182536,1787025.64,1780415.12,0,0
152,PAYMENT,2576.96,C9773566862,123980.15,121403.19,M8965890335,0.0,0.0,0,0
336,CASH_OUT,17535.85,C9296619199,17535.85,0.0,C5895755362,0.0,17535.85,1,0
149,CASH_OUT,88329.62,C8546864889,0.0,0.0,C6209816153,2060344.26,2148673.88,0,0
365,CASH_OUT,486973.6,C1739347600,389149.73,256662.6,C1151942907,1380690.76,1867664.36,0,0
380,PAYMENT,5484.56,C9198072081,19302.89,13818.33,M1080719868,0.0,0.0,0,0
679,CASH_IN,64575.36,C7887777181,745600.77,810176.13,C5204440618,1050722.02,986146.66,0,0
25,TRANSFER,90684.11,C8433065660,90684.11,0.0,C8560763969,0.0,0.0,1,0
146,CASH_OUT,1878107.63,C7123462703,124058.44,0.0,C6943977185,241835.55,2119943.18,0,0
572,TRANSFER,649357.55,C1692021413,649357.55,0.0,C1640045136,0.0,0.0,1,0
684,CASH_OUT,931928.2,C8179262920,931928.2,0.0,C8939225637,1603394.61,2535322.81,1,0
584,PAYMENT,16114.32,C1421394984,69637.2,53522.88,M5658146383,0.0,0.0,0,0
112,CASH_OUT,433646.02,C7230814220,433646.02,0.0,C9911840145,0.0,433646.02,1,0
469,PAYMENT,12129.2,C4107950420,99954.87,87825.67,M4562261082,0.0,0.0,0,0
628,CASH_IN,124477.11,C2877091242,1588234.32,1712711.43,C5365719335,924294.02,799816.91,0,0
127,CASH_OUT,49169.65,C1391150991,0.0,0.0,C9426642254,2135520.54,2184690.19,0,0
485,CASH_IN,596310.42,C5011611374,2864796.88,3461107.3,C2437337356,2976429.92,2380119.5,0,0
154,CASH_OUT,323873.8,C9556880552,323873.8,0.0,C9281675116,2367235.49,2691109.29,1,0
728,CASH_OUT,1259857.24,C9041709228,1259857.24,0.0,C9018941126,2953484.58,4213341.82,1,0
78,CASH_OUT,110722.08,C9137003989,264761.93,225741.12,C2710602743,2230585.8,2341307.88,0,0
203,PAYMENT,33131.0,C3130039163,165821.47,132690.47,M5840998421,0.0,0.0,0,0
278,CASH_OUT,180236.57,C7599442796,21047.55,0.0,C5681578493,1062944.33,1243180.9,0,0
143,PAYMENT,3046.88,C0221176506,79078.2,76031.32,M9628924262,0.0,0.0,0,0
515,TRANSFER,2147237.19,C4940973665,2147237.19,0.0,C9729902687,0.0,0.0,1,0
396,CASH_OUT,106339.82,C4282980474,130306.91,23967.09,C2510137044,2394075.68,2500415.5,0,0
116,PAYMENT,503.01,C9457420103,66675.99,66172.98,M5159349631,0.0,0.0,0,0
714,PAYMENT,3280.77,C9975375593,142231.74,138950.97,M6583952113,0.0,0.0,0,0
409,DEBIT,1241.58,C1121103713,2101.09,859.51,M9573331380,0.0,0.0,0,0
411,CASH_IN,387649.44,C2316352000,1069533.87,1457183.31,C8506571073,1626225.82,1238576.38,0,0
52,TRANSFER,3971144.26,C8639531621,3971144.26,0.0,C1692261065,0.0,0.0,1,0
493,CASH_OUT,15890.11,C7298476700,0.0,0.0,C9346738086,2839341.12,2855231.23,0,0
380,PAYMENT,1526.05,C5697857828,88451.55,86925.5,M7165865558,0.0,0.0,0,0
128,CASH_OUT,269979.43,C8347104642,156313.7,0.0,C5360613836,0.0,269979.43,0,0
264,PAYMENT,8994.03,C7873245831,118858.91,109864.88,M2329575028,0.0,0.0,0,0
429,CASH_IN,192623.0,C2269468622,870950.63,1063573.63,C6562073613,1108548.19,915925.19,0,0
450,CASH_IN,63762.29,C6540204306,3369204.98,3432967.27,C4077963675,3383890.83,3320128.54,0,0
645,PAYMENT,4028.76,C2290963081,135541.51,131512.75,M0136634009,0.0,0.0,0,0
176,CASH_OUT,26577.31,C3737987315,56604.26,30026.95,C0706573137,2636639.13,2663216.44,0,0
433,CASH_OUT,129769.26,C4735105199,430940.31,301171.05,C3181484116,2490633.9,2620403.16,0,0
99,CASH_OUT,15392.87,C3448683512,135790.02,120397.15,C0316814463,1731338.61,1746731.48,0,0
262,TRANSFER,602103.58,C6595848642,77703.01,0.0,C1438345630,5217017.99,5819121.57,0,0
511,PAYMENT,10229.18,C8454947336,2783.54,0.0,M1831994670,0.0,0.0,0,0
9,PAYMENT,6678.68,C9454469760,79588.82,72910.14,M5531735589,0.0,0.0,0,0
412,PAYMENT,5616.75,C4448435698,153814.77,148198.02,M4357520047,0.0,0.0,0,0
652,CASH_IN,524978.15,C9291799588,2201853.5,2726831.65,C9822337913,718476.2,193498.05,0,0
686,TRANSFER,229517.0,C5974460228,229517.0,0.0,C8812302481,0.0,0.0,1,0
342,CASH_IN,31424.9,C9399512183,3420089.21,3451514.11,C7734019886,2539697.53,2508272.63,0,0
169,CASH_OUT,1836421.43,C9372627402,288673.86,0.0,C3692208848,0.0,1836421.43,0,0
130,TRANSFER,2557185.42,C8577977549,2557185.42,0.0,C3624328770,0.0,0.0,1,0
190,CASH_IN,94685.99,C9325975707,1368635.78,1463321.77,C3622847566,3191985.97,3097299.98,0,0
279,CASH_OUT,231441.66,C3587758983,0.0,0.0,C2107338495,216782.67,448224.33,0,0
615,PAYMENT,1586.5,C9131923753,87387.63,85801.13,M2539472657,0.0,0.0,0,0
558,CASH_IN,79169.59,C4740392537,2027827.92,2106997.51,C4542163638,1165122.3,1085952.71,0,0
524,CASH_OUT,801698.63,C2134253996,801698.63,0.0,C5063270279,322720.69,1124419.32,1,0
443,CASH_OUT,706779.47,C9132752131,0.0,0.0,C6544214005,2066397.52,2773176.99,0,0
634,CASH_OUT,95232.36,C2435364983,0.0,0.0,C3819285527,1811904.62,1907136.98,0,0
629,TRANSFER,400176.39,C7019607458,400176.39,0.0,C8132976085,0.0,0.0,1,0
207,PAYMENT,1366.17,C9477576847,189418.43,188052.26,M1456685781,0.0,0.0,0,0
448,CASH_OUT,47720.71,C7772812865,244939.04,197218.33,C5788440047,990652.42,1038373.13,0,0
619,TRANSFER,201281.92,C2487983017,201281.92,0.0,C3748592751,0.0,0.0,1,0
163,CASH_OUT,224739.9,C5699847181,0.0,0.0,C1922765909,997135.03,1221874.93,0,0
203,TRANSFER,3127400.72,C9034532829,3127400.72,0.0,C0469707387,0.0,0.0,1,0
448,CASH_OUT,95828.48,C2522144596,0.0,0.0,C5302058926,1772665.24,1868493.72,0,0
248,PAYMENT,3241.49,C1702975009,190007.84,186766.35,M8084647895,0.0,0.0,0,0
536,PAYMENT,1975.68,C0969828362,182801.65,180825.97,M5985819249,0.0,0.0,0,0
531,CASH_IN,131948.47,C6494116726,1863015.49,1994963.96,C9145314323,3091988.87,2960040.4,0,0
209,PAYMENT,3372.31,C8084113701,191456.41,188084.1,M5763652395,0.0,0.0,0,0
352,CASH_OUT,291589.31,C9360612824,0.0,0.0,C2637966515,2596627.45,2888216.76,0,0
543,CASH_OUT,12775.65,C6317991420,17023.83,4248.18,C6414458939,941326.06,954101.71,0,0
320,PAYMENT,9236.96,C9360388908,1148.45,0.0,M0755800967,0.0,0.0,0,0
93,CASH_OUT,38330.31,C1619129354,0.0,0.0,C2199969868,0.0,38330.31,0,0
258,CASH_OUT,30893.86,C8216190495,30893.86,0.0,C8477519036,1251706.19,1282600.05,1,0
489,CASH_OUT,69494.65,C6645867925,69494.65,0.0,C6617147216,2228030.66,2297525.31,1,0
212,TRANSFER,1307276.53,C8663260310,0.0,0.0,C9790957827,3366166.48,4673443.01,0,0
542,CASH_OUT,91972.36,C5299284714,349830.18,257857.82,C1764818409,2109873.77,2201846.13,0,0
572,CASH_OUT,7594.86,C9611812683,0.0,0.0,C2607770940,2258891.66,2266486.52,0,0
94,CASH_OUT,70878.35,C2338676964,0.0,0.0,C2416263892,467795.93,538674.28,0,0
246,CASH_OUT,57809.22,C5448806477,0.0,0.0,C7225364138,325256.55,383065.77,0,0
368,CASH_IN,171619.05,C8824629125,3185582.28,3357201.33,C4215904981,2350024.41,2178405.36,0,0
461,CASH_IN,154055.33,C8939091666,1933627.73,2087683.06,C1626306036,1099757.51,945702.18,0,0
392,CASH_OUT,59401.11,C8566968226,59401.11,0.0,C1122075229,1110851.14,1170252.25,1,0
674,TRANSFER,320858.81,C7729967810,0.0,0.0,C7550204082,522738.71,843597.52,0,0
405,PAYMENT,15874.99,C6704841635,185998.69,170123.7,M5690747050,0.0,0.0,0,0
493,CASH_OUT,1293731.16,C0953921214,324248.32,0.0,C6192873334,2376192.77,3669923.93,0,0
110,CASH_OUT,167665.98,C2146949672,327231.98,159566.0,C9826557979,2782710.83,2950376.81,0,0
642,TRANSFER,3248380.45,C2547797033,0.0,0.0,C9248303367,3313243.78,6561624.23,0,0
639,CASH_OUT,20390.84,C5378911678,0.0,0.0,C5628088689,2226314.42,2246705.26,0,0
126,PAYMENT,5875.47,C8617464721,184518.88,178643.41,M0238389635,0.0,0.0,0,0
625,CASH_OUT,12770.87,C6018993238,0.0,0.0,C2671510642,385291.35,398062.22,0,0
48,CASH_OUT,381489.84,C3534593085,0.0,0.0,C8658375947,2765331.58,3146821.42,0,0
84,CASH_OUT,667336.2,C7494077328,0.0,0.0,C7689415691,99450.18,766786.38,0,0
487,CASH_OUT,33474.8,C4345669186,33474.8,0.0,C3971167065,150423.25,183898.05,1,0
643,CASH_OUT,17969.08,C2860177854,0.0,0.0,C1377291771,2251536.13,2269505.21,0,0
499,PAYMENT,2031.65,C4615873569,163611.14,161579.49,M7334498861,0.0,0.0,0,0
486,CASH_OUT,27455.15,C8580298500,267619.8,240164.65,C4326298709,992723.31,1020178.46,0,0
368,CASH_OUT,103765.41,C0278902732,0.0,0.0,C8586657851,2598023.48,2701788.89,0,0
316,TRANSFER,366929.97,C5175898446,366929.97,0.0,C6744118963,0.0,0.0,1,0
50,PAYMENT,2062.66,C6637852075,1321.82,0.0,M8942685010,0.0,0.0,0,0
90,PAYMENT,8879.86,C9238045533,96011.84,87131.98,M9378800340,0.0,0.0,0,0
660,PAYMENT,21641.43,C0248530523,105423.81,83782.38,M1030448326,0.0,0.0,0,0
575,CASH_OUT,19528.97,C2924185078,19528.97,0.0,C6824866761,0.0,19528.97,1,0
163,PAYMENT,1684.75,C1391517154,608.01,0.0,M5522755948,0.0,0.0,0,0
41,PAYMENT,5141.04,C6641067203,16983.32,11842.28,M7117746052,0.0,0.0,0,0
607,TRANSFER,2623484.21,C6138843820,2623484.21,0.0,C0180366894,0.0,0.0,1,0
663,CASH_OUT,192008.77,C3763104866,306847.47,114838.7,C2509267124,1445117.35,1637126.12,0,0
604,CASH_IN,511971.87,C0106447854,1451837.36,1963809.23,C4211684069,94182.03,0.0,0,0
558,PAYMENT,15285.43,C7051906712,88295.92,73010.49,M7204438041,0.0,0.0,0,0
561,CASH_IN,66472.09,C9703817348,991861.89,1058333.98,C0241805935,2553755.61,2487283.52,0,0
536,CASH_IN,431583.97,C7274754888,2623892.99,3055476.96,C0837528462,2529116.96,2097532.99,0,0
26,TRANSFER,1867725.23,C7878138408,1867725.23,0.0,C6901515327,0.0,0.0,1,0
731,TRANSFER,1468348.55,C1782381136,1468348.55,0.0,C8548193296,0.0,0.0,1,0
323,PAYMENT,12737.9,C4827949873,172865.92,160128.02,M4073981997,0.0,0.0,0,0
322,PAYMENT,6822.62,C7642635388,35597.48,28774.86,M4928810787,0.0,0.0,0,0
48,PAYMENT,1598.41,C3811050518,18724.28,17125.87,M6326994828,0.0,0.0,0,0
61,PAYMENT,70896.56,C8183898913,195222.71,124326.15,M2658165268,0.0,0.0,0,0
612,CASH_IN,57965.32,C6088918615,2189353.02,2247318.34,C0567767073,1913077.03,1855111.71,0,0
471,CASH_OUT,470913.02,C3813711154,0.0,0.0,C3675519979,698063.57,1168976.59,0,0
451,PAYMENT,341.59,C5064162492,92869.85,92528.26,M9882739969,0.0,0.0,0,0
40,CASH_OUT,41349.46,C0643432152,0.0,0.0,C1554871810,222709.38,264058.84,0,0
315,CASH_IN,87662.67,C2560620734,1961809.44,2049472.11,C6960244311,3327780.22,3240117.55,0,0
365,TRANSFER,1832579.48,C9291892557,1832579.48,0.0,C7039326117,0.0,0.0,1,0
94,CASH_OUT,5707.7,C3541210641,0.0,0.0,C7673488088,175499.52,181207.22,0,0
224,PAYMENT,16151.6,C4679639544,163885.03,147733.43,M0629120237,0.0,0.0,0,0
246,CASH_OUT,142573.4,C8910414520,312276.12,169702.72,C2296263853,2268399.6,2410973.0,0,0
33,CASH_OUT,158400.59,C6448427506,323420.98,165020.39,C5954533637,2325934.78,2484335.37,0,0
551,PAYMENT,6627.88,C4590296626,146537.84,139909.96,M0266880039,0.0,0.0,0,0
52,TRANSFER,220813.33,C8357127818,0.0,0.0,C8611047112,1440603.17,1661416.5,0,0
152,CASH_OUT,4772342.62,C5241404331,51489.85,0.0,C4700169688,2393089.73,7165432.35,0,0
660,TRANSFER,1785226.71,C8792832714,0.0,0.0,C9974497905,4144099.88,5929326.59,0,0
537,TRANSFER,7674282.25,C8160193162,7674282.25,0.0,C5862226653,0.0,0.0,1,0
83,CASH_IN,404986.39,C2785347347,2567950.1,2972936.49,C5207430972,1144253.81,739267.42,0,0
451,CASH_OUT,37321.24,C9281359248,0.0,0.0,C2502902652,0.0,37321.24,0,0
61,PAYMENT,3459.52,C9619559040,92225.34,88765.82,M4720175981,0.0,0.0,0,0
545,CASH_OUT,156256.66,C5396728874,0.0,0.0,C0628786582,2632226.72,2788483.38,0,0
491,CASH_OUT,516623.82,C3239960235,137809.74,114462.32,C8616502325,1435848.05,1952471.87,0,0
457,CASH_OUT,289773.99,C3239083289,146321.56,0.0,C0156257852,1107939.01,1397713.0,0,0
502,CASH_OUT,379392.37,C7374221847,4781.47,0.0,C8425520457,0.0,379392.37,0,0
295,CASH_IN,184437.58,C2796997862,1335410.6,1519848.18,C4315499683,3295312.08,3110874.5,0,0
308,CASH_IN,126998.2,C9743932335,3103154.96,3230153.16,C6216279674,1251721.83,1124723.63,0,0
260,PAYMENT,21653.38,C7720182058,8650.89,0.0,M1121625466,0.0,0.0,0,0
295,TRANSFER,685010.14,C5984163302,685010.14,0.0,C2059101583,0.0,0.0,1,0
94,PAYMENT,10014.42,C3770288412,134556.4,124541.98,M0713436185,0.0,0.0,0,0
23,TRANSFER,230964.06,C9974956115,230964.06,0.0,C3907689836,0.0,0.0,1,0
126,CASH_OUT,37592.62,C4257605664,317192.38,279599.76,C3407354219,0.0,37592.62,0,0
661,CASH_OUT,79822.71,C7557005895,113780.16,33957.45,C3887245939,2111429.49,2191252.2,0,0
553,CASH_OUT,125949.33,C9645682220,0.0,0.0,C3906495578,1599080.79,1725030.12,0,0
496,CASH_OUT,1236534.16,C2826755435,1236534.16,0.0,C9200524901,369569.46,1606103.62,1,0
164,CASH_IN,38526.6,C5251670560,1900162.77,1938689.37,C3466707063,2409883.34,2371356.74,0,0
464,PAYMENT,2099.2,C2905584928,43433.53,41334.33,M5255164156,0.0,0.0,0,0
31,PAYMENT,1337.2,C7212833824,60358.76,59021.56,M5720656476,0.0,0.0,0,0
432,CASH_IN,194797.38,C6314877792,856822.96,1051620.34,C7041310444,13733.25,0.0,0,0
260,TRANSFER,441076.21,C2736517627,441076.21,0.0,C6883903652,0.0,0.0,1,0
395,CASH_IN,77132.24,C7153926114,2427945.18,2505077.42,C7593293288,2216199.18,2139066.94,0,0
53,PAYMENT,12612.52,C5840478736,81903.53,69291.01,M5008215299,0.0,0.0,0,0
182,CASH_OUT,1020583.35,C9816407686,1020583.35,0.0,C7995036113,943933.24,1964516.59,1,0
672,CASH_IN,614800.74,C3609532059,1448941.96,2063742.7,C6467967310,2895768.82,2280968.08,0,0
56,PAYMENT,3802.99,C8189739227,132295.75,128492.76,M3191924250,0.0,0.0,0,0
132,CASH_IN,66583.09,C7399510465,1877798.5,1944381.59,C6786506135,2430916.6,2364333.51,0,0
295,PAYMENT,19294.76,C0141564725,12700.16,0.0,M2277222296,0.0,0.0,0,0
289,PAYMENT,10046.1,C4048941769,566.27,0.0,M9681442810,0.0,0.0,0,0
